Card ID,file,bytes,md5
B-01,B-01.png,2413185,ba5bef30c9887ec3ad0886c67a13b959
B-02,B-02.png,1967589,2f638da69475566bdc46a2ebbdadee84
B-03,B-03.png,2260544,362941ad0f5abb2d4f514031d997f789
B-04,B-04.png,2112262,c697079c11081c5954082b939f9d835d
B-05,B-05.png,2345503,985f667ba71b0b12f4a08b7e027b7017
B-06,B-06.png,2228479,470219c6c8615e757e707a04a408d161
B-07,B-07.png,2264522,19f2e7ff62cf7d553a8f3c9e2e7df0bf
B-08,B-08.png,2237952,153cdd7fbc6bb32022b2eeb3db7ebede
B-09,B-09.png,2135523,4ab07fbb7e6c3e116d0ff8149bdca8f4
B-10,B-10.png,2094728,326b9d5ce7eb3ce246eb2b01db88d05c
B-11,B-11.png,2142153,3e1781aaca0b8d89f4dc7f09ef4b9e27
B-12,B-12.png,2115965,fb1ec08d06151ad045e3297611f35de8
B-13,B-13.png,2248943,d58ac9879e630841dfe57ff08f387b27
B-14,B-14.png,2296519,383f95262f23b05a15719da80c6347e0
B-15,B-15.png,2060224,b87d717fc8460bbd0a4836a031058fa5
B-16,B-16.png,2085556,517c5811800587ffae15cfccee5f1130
B-17,B-17.png,1931306,d7c4ed44c826ebf84f65408dfbfb65e2
B-18,B-18.png,2181087,aacc74c64e6246f7fedd989ac8d806a0
B-19,B-19.png,2369279,18de08421702b5ce8449ea0afb88541f
B-20,B-20.png,2118149,3b1454c93fa13b02550071bdb7286720
B-21,B-21.png,2156163,fb57a7b2275a7e4e95d9e8aa762e1f96
B-22,B-22.png,2326706,60c33289babce09080e66b9dcc6518dc
B-23,B-23.png,2271449,8e32013beac9bd8138238b579ea548e8
B-24,B-24.png,2262995,1bcfe78f549bcee55efc392834555472
B-25,B-25.png,2046882,58f817ac72f73ea2c899e194fe7dc76f
B-26,B-26.png,2311566,376a7c6a24909376366b9173ce8c47fa
B-27,B-27.png,1940889,ef4118e5f9a76e274bee335ff07f34b8
B-28,B-28.png,2574896,3f51b757d241f36b88ce6769c59560c6
B-29,B-29.png,1958188,5779355fe04e3f3a6790fb9049345752
B-30,B-30.png,2139218,11461f2aae5c09605114c3e16aa40c40
B-31,B-31.png,2501692,38f4de2e13de141d99d8e26b53a6e96e
B-32,B-32.png,2393213,79f11d9f37495a5d8321798009a33bd2
B-33,B-33.png,2029105,02bc75f902a1cbcc948f2499dc906bca
BAS-B,BAS-B.png,1872833,88333b717a69bccb529c387624e8efa1
BAS-G,BAS-G.png,1912953,d292befce841b055c9961ff716cbce5d
BAS-N,BAS-N.png,1735841,826023ba4066964bbc228346fe3a8e22
BAS-R,BAS-R.png,2096682,c9b2c8bb15b63ddd146f03f30f35a0e8
BR-01,BR-01.png,2198499,9c70abb426cdffd31a08dabe59e0b792
BR-02,BR-02.png,2323387,ecdc3b1e37e524c04c5ec3ca10d6f524
BR-03,BR-03.png,2170079,6902a5cf637bb33f158c0ea86315d616
BR-04,BR-04.png,1970189,d8b25e58280dd080fb88f98d5013d5ef
BR-05,BR-05.png,2147210,361cd2603d762eb50db46557c6338893
BR-06,BR-06.png,2257070,53e072bf60eecc534ebd356cf99bd6b2
BR-07,BR-07.png,2309379,7c9254b41bc8939cb1d76adbdc26ad78
BR-08,BR-08.png,2253996,fced78633c7256c37f9ec1cc91c88f2d
BR-09,BR-09.png,2155876,a165831e020d1328ef1be974374faf14
BR-10,BR-10.png,1979145,2c9220c18ded9859084835887e5bac05
BR-11,BR-11.png,2321513,b77b474ff483bb418011e99088c496f3
BR-12,BR-12.png,2704669,19f8773543d5a3ff5e47e6da6fba1808
BR-13,BR-13.png,2363942,b206809b5bfd4381f56fc8067e9ee2a4
BR-14,BR-14.png,2184573,dd678f9e6e5b593a12b33bb48ab05615
BR-15,BR-15.png,2282761,53760c1910f4512a8c4e05b0779ce49b
BR-16,BR-16.png,2355569,e3071eb78f9fcc985d1a2919c961bdb5
C-01,C-01.png,2116840,3000dff641b542763acf920b743a0e76
C-02,C-02.png,2283690,710299afb87fd2f5dd4a66c2e2719dc1
C-03,C-03.png,2229520,bb4442fa809185b86552ce0548b60820
C-04,C-04.png,1884570,259d8db00bfb57fc79fe289d3474d8d8
C-05,C-05.png,2028298,8f82ecf098bba2ce0562ec7257bd328a
C-06,C-06.png,2071373,12e42958e913e86cb1861aa7e99181a4
C-07,C-07.png,2307044,2c44bbe1546b001799f1edecd6ebebf0
C-08,C-08.png,2110777,c9679e5a04718b6d99ecb9e2733a71d7
C-09,C-09.png,2177989,01b5f6e5a9c738066dc71493986a3978
C-10,C-10.png,1687753,0582177574ade4149682f77012b6fd7c
C-11,C-11.png,2197381,1cee2567d25fe35fd5932dbd23f2ef7e
C-12,C-12.png,1952961,bc18a2184f2c8ed99d68db5e378ba9d7
C-13,C-13.png,2149954,eca761382708792e4a062d0852f88b08
C-14,C-14.png,2071699,25f4a9740a508be3d7b00c98685e8057
C-15,C-15.png,2135663,fae7f00a94cc90c9a58287efb13bb64d
C-16,C-16.png,2486869,d913245a273eab0469a04460843848cc
C-18,C-18.png,2076529,3f3917f295f7d52f299129602444e83a
C-19,C-19.png,2316332,aa29110294a21e0ddd8006d07d05e09a
C-20,C-20.png,1921444,86911186657694bbb44008e54f8bcc7d
C-21,C-21.png,2297494,42182930e386c9342728c08475d6d87d
C-22,C-22.png,2369061,7f05c6da06e222cdef99ae7b02b333fd
C-23,C-23.png,1633787,36cbeacfb79fbe22debbc868e951d457
C-24,C-24.png,1853671,03a8e7bb6cac8aaa832b05898b2f6745
C-25,C-25.png,1946929,7d7b96f8841425739db7c8d0d0aec843
C-26,C-26.png,2297830,d3eb6fe5085bba0f7fa5a84ca23e1437
C-27,C-27.png,1908885,8e24d1f8a6c8e8423eec72907b6244b1
C-28,C-28.png,2397189,6932f5134db501e4dc4d8319f464ff91
C-29,C-29.png,2084611,2aa37b86e1d21130afa942d02b9b43e7
C-30,C-30.png,1774756,925e5000f8448acfab1ad78bf64745ec
C-31,C-31.png,2409500,9de8f0211f9b9a9a908f815853ff33ef
C-32,C-32.png,1919649,af5645efea461078c318854cadb8f7c1
C-33,C-33.png,2124064,1423960cbcff587d33ad38375ff41914
C-34,C-34.png,2430740,814af9cd16990875469f742d00544b0e
G-01,G-01.png,2055647,5f65f3e036727c6ba83a0b5ad7dac837
G-02,G-02.png,1984661,4c978b753f6bf9f3e10f4b445904c6e3
G-03,G-03.png,2013523,1f8b3ae790437b037a5a1451671454c9
G-04,G-04.png,2163166,6d4e4636b469020cea7129f9573d3986
G-05,G-05.png,1933678,b3cfa8fdb42e8cec4cd25b1661b94cc0
G-06,G-06.png,2094539,c88373b8f5f3fa3ab38d4bc7663b8223
G-07,G-07.png,1988192,8122643940d59a06413558f7b9be35a9
G-08,G-08.png,2051729,94a6f8b2e6cb4b0b9fbf4761b6ca731b
G-09,G-09.png,2137936,4dd22911760ea2682af4d9ebe417396d
G-10,G-10.png,1970605,39aab65dbae2942917702b65f10b909d
G-11,G-11.png,2110256,bfc02e8670bb21ed48a67a0196f8b5ff
G-12,G-12.png,2065690,ac48dac673f0fc0ae6b7e899cbcdb117
G-13,G-13.png,2073036,c70b5dc46635e8bfc2014e5d5ed2851b
G-14,G-14.png,1953807,6607f68683f486cd932accc821bc5a7f
G-15,G-15.png,2144319,de8b16dc5a591db2aad9db203192e7ef
G-16,G-16.png,1968707,473a3d2dc7f07f6ae306977bad882c84
G-17,G-17.png,2083035,ebf56651cde9684f139cd502b1567864
G-18,G-18.png,2180787,fe727c14acec1b10d3c24a8139b16529
G-19,G-19.png,1806882,f86257c2ef68659e5076268b4ef31b61
G-20,G-20.png,1815853,18a87039d32a3e637bc2bbd18b0c21c9
G-21,G-21.png,2052058,c7e53cc0228cdaf630e088d286f5bd3d
G-22,G-22.png,1965783,edcf34d99e5742f7cf8e3ac55077b187
G-23,G-23.png,1976584,f44464fff6f6b7c738dd82f6ae10b914
G-24,G-24.png,2081929,1a7427710d4e9646a7bef1dcdf08bf87
G-25,G-25.png,1961692,d96790c1986e280896b8acfd060caa38
G-26,G-26.png,1997900,07d46e0f536b61ac67b0155fc7b0471b
G-27,G-27.png,1988864,672b222e60be1a9bc8f23c26cb3b94f1
G-28,G-28.png,2154710,c2f1f185ec259177ad4c7958496876c1
G-29,G-29.png,2180761,dc09b6fc948305b2ca2cfd0ec3676933
G-30,G-30.png,2129801,3cdc2bd2d5a63940ece124d6950e1613
G-31,G-31.png,1852034,3a033163bfe052b8419f3359a8b51736
G-32,G-32.png,1957320,bf08cf5238c8ef77be416807b3ec5b4d
G-33,G-33.png,2335162,ff872073bad3a68bfa417d800317ea2d
GB-01,GB-01.png,1974272,e200c2e6e091dca6be3a53115136f064
GB-02,GB-02.png,1896041,5ce54ba9d07dd9d65dd310da33299c73
GB-03,GB-03.png,2127616,89feaca24005a913c2bf368c15f29bc9
GB-04,GB-04.png,1967007,25d61c4fa92ca3af28cbb8358d9db7ec
GB-05,GB-05.png,2098705,88f2bcaafb0078ecba936ab39ccd1ce6
GB-06,GB-06.png,2074048,1a07ab8e3ae88811ef5075af41ab0b15
GB-07,GB-07.png,1931600,b8548abbcc0eff97dc70345bd19a5650
GB-08,GB-08.png,1770046,c26dd532420cba9b32ba38b7d3aaa62c
GB-09,GB-09.png,2014975,5f2899cdc1f3c71137da3f317cef4648
GB-10,GB-10.png,1934940,97237869b327f87b89c9863ef710203c
GB-11,GB-11.png,1902950,9f80b0f711075e0c2491e14c99a4d30f
GB-12,GB-12.png,2098810,a07d2fa839c1ee5a4706037529b5e92e
GB-13,GB-13.png,1925427,ef935e765e4dcd0dd778a603574cabc9
GB-14,GB-14.png,2135106,4332b22d9910b3ba45c66029a5b8d37e
GB-15,GB-15.png,1803204,afc143173c03f4b087ec6b354e697e11
GB-16,GB-16.png,1839289,1590a201a6cbfc80325b789cca651590
GBN-01,GBN-01.png,2036421,c6ca3f48364f50fab87525bac525c99d
GBN-02,GBN-02.png,1902382,a645be7cb895c59c4ba4afde6864db6b
GBN-03,GBN-03.png,2218099,762fa998f43841c56f9eff83f8784870
GBN-04,GBN-04.png,2234265,15ef5a48396123e2537192a4f40db320
GBN-05,GBN-05.png,2071192,71a567f6740914a61696ee4d79282029
GBN-06,GBN-06.png,2055846,8c94070050bc6035566d03e55a9a0051
GBN-07,GBN-07.png,1834918,e27c27565b9b8bdb6de6eb4b3ade5b18
GBN-08,GBN-08.png,2139017,12f3309df308d72443047f5301c2053e
GN-01,GN-01.png,1737686,df78fc60907d1bf6b7756fe53ccc1d06
GN-02,GN-02.png,1917410,3de1881b7e039faf535745c72997a677
GN-03,GN-03.png,1862418,f8b47161ef0b83892f4d20aae01e8ee8
GN-04,GN-04.png,1749843,06f877cd8d50dc168b9d898d581d05df
GN-05,GN-05.png,1678594,d4784a976ccffcc9582a679d0e006986
GN-06,GN-06.png,1986194,533c92d4b5d2865b1ffe8c5c9763ab99
GN-07,GN-07.png,1998208,c2cc54e557be3feca6536c9d4f1e4903
GN-08,GN-08.png,1668781,690c23cb4bee984859e615f289fd16df
GN-09,GN-09.png,1894352,6c109f18bd55fb2472f4fa685d4840d7
GN-10,GN-10.png,1920333,2e20fb42aa7a136344a5137519afe9ec
GN-11,GN-11.png,1948662,5e26084dbdf20f5d606c3c3ea68bc35b
GN-12,GN-12.png,1842946,4ed1f64c6f60712be6baf16f14592bcb
GN-13,GN-13.png,2027869,116d91e890043fade2e5a2c0b5fc77c1
GN-14,GN-14.png,1881759,464572e83810a5572136226753c1f301
GN-15,GN-15.png,2060603,4a731d3eb983c5d2503d936ee506ea5e
GN-16,GN-16.png,1868483,d371b83a3c06328f816a8f56d72a1cf2
GR-01,GR-01.png,2062641,c07744d5c68a797294ce8e2119da32ac
GR-02,GR-02.png,2062521,c7fda3bebf82f443f655c70c2d7b7478
GR-03,GR-03.png,1784197,c6b55fcde7f98f61a4919068f4280cfe
GR-04,GR-04.png,2137320,2893933aa9b48c9a9edcd81fa7017af1
GR-05,GR-05.png,2086125,fcc3e05781e2599dc0dadb2fa239df70
GR-06,GR-06.png,2224741,ef2450954ce4135ec6b033d6c14d5a7d
GR-07,GR-07.png,2102310,8f83d48a22f8e8fc60fa6bdab86dfb26
GR-08,GR-08.png,1840226,2bd5db66061d406e02a7e3d9d671c2af
GR-09,GR-09.png,2135822,c1bef44fccb5eaecd6134f04ed04c4c9
GR-10,GR-10.png,2008135,678e44c9dd456d80fa81b86e1f473755
GR-11,GR-11.png,2390580,3408d408f5e347f887537cc3e02532fc
GR-12,GR-12.png,2013081,3ec5be541c0db7f14ba15994da781805
GR-13,GR-13.png,1953676,0171d762b850c5376c342b5898a5cc09
GR-14,GR-14.png,2083628,670aa0d74fd06e5271a69c438e99370f
GR-15,GR-15.png,1952596,45b33592e3d2d7a9102ff8952830f1e3
GR-16,GR-16.png,2077873,643a35734a2544c26ae65297904657f6
GRB-01,GRB-01.png,1775333,39aa8f25ee8fffc4fa2585934434aa77
GRB-02,GRB-02.png,1843621,532241ad9723a5d8e4c31e4cc259567c
GRB-03,GRB-03.png,2083567,fdb3f6798212f26eebe6fedbe3cd7c55
GRB-04,GRB-04.png,1890130,b35377a8c2416b6d92b10b682b27e0b7
GRB-05,GRB-05.png,1938378,01afcbb266eff0fa9902f6a7413df795
GRB-06,GRB-06.png,2134458,c496b3f517dab80af31cb807cd6667fd
GRB-07,GRB-07.png,2193633,b7cf52f67737c5fca6a3cb75aba1dd8f
GRB-08,GRB-08.png,2196937,990f2f57c025639b0c7004079ae7b634
GRN-01,GRN-01.png,1932412,bca4ab6a6731a4ee6ce02dce9e587e92
GRN-02,GRN-02.png,1842831,0ad95ea2f522cfa66dc2ff560a5bbca4
GRN-03,GRN-03.png,1939857,996607d1861f1131d365a9c660384a81
GRN-04,GRN-04.png,1828397,eefb9420e6e431b58a170f3a3846f3c6
GRN-05,GRN-05.png,2384956,13e44813e4293ab7f465e757e64f4ffe
GRN-06,GRN-06.png,1806118,d8fca445970906d3c71203bf47d26b30
GRN-07,GRN-07.png,2107358,970358969f56136c04d0c9407b28a298
GRN-08,GRN-08.png,2084504,400b8e6d03b810026fa0cc16022fd0c2
INF-01,INF-01.png,2465692,3bc6c2c640910ec2237c88e3b7c76fad
INF-02,INF-02.png,2321513,8a136fddd15beaeedde08bcf5563a330
INF-03,INF-03.png,2542419,9079b2a98228e747f403b5e54f7caae7
INF-04,INF-04.png,2598880,4c6e0d32c99c4e245cfc226dd90ed57b
INF-05,INF-05.png,2192782,fa0ae53c5108ac6bf01fa080f3366062
INF-06,INF-06.png,2305153,ad7625048412f243485fbf826ab38c45
INF-07,INF-07.png,2053044,e98ffef64b1467a7df876cd726a1a4ae
N-01,N-01.png,1944570,9d7d731bf37d210ab3a094b018bd35db
N-02,N-02.png,1957089,56002d72b7dade2cee0a294a7e986f0a
N-03,N-03.png,1949578,faf5b0ab5c513fd07c0f727bc9f40e54
N-04,N-04.png,1919212,b5a489b188848f437396221dfa3add9f
N-05,N-05.png,2002908,0398b12c3bc75416d393ad499e37f702
N-06,N-06.png,1947642,120999ce3e9f78a54b8f0329b353372c
N-07,N-07.png,1776122,75ab0112aa54dc8dac8cfd9b9edf4353
N-08,N-08.png,1785144,ea6fde8fa3e2898a2c0ee0a672071537
N-09,N-09.png,1895699,434dd66cee381cdc3ddab8457d31801c
N-10,N-10.png,2092363,99d4a85ce9263839797d71cfa529601b
N-11,N-11.png,1995283,d6af199111fc4ab920f16881ff5c0a09
N-12,N-12.png,1965095,7cf8318b26dbb7005a7dd03e8ab1c94b
N-13,N-13.png,1868453,51e64f7335ae9ac17942f0cb14967eb6
N-14,N-14.png,1903401,8d895ba5184916c15f08627f5c0dd846
N-15,N-15.png,1886132,3bf789b47f6ae36347428f3d7de82ca4
N-16,N-16.png,1990703,7973e1269ad2d58e6954b33e28027fcc
N-17,N-17.png,1925632,a042ac0dc2e18d0ae15f6a2715df3039
N-18,N-18.png,2061290,d340623eabf2ebad162723f396a0e7d7
N-19,N-19.png,2200822,9fbb57b6ac19dd8e5a752fc92435bcf7
N-20,N-20.png,1859320,db7c10a63dd07fcd9a8920c11cb73aa7
N-21,N-21.png,1986833,1ae793ffa5dfdcea210937e774a447ef
N-22,N-22.png,1932738,aeaf4748afb070978f604450e69b86c7
N-23,N-23.png,1981265,ee6a882ee26b3bf7f0dcd82bc5caf0bf
N-24,N-24.png,1908898,107083cfb2fcb127bcda748dc4f4c62a
N-25,N-25.png,1791676,f0f426e35fb8c26f931e5a031bc81e08
N-26,N-26.png,1834443,876ea3869e6e6638c6d17237a1ebe01d
N-27,N-27.png,1970942,f0cfe73fe427e3a296af4e054bce62b8
N-28,N-28.png,1989194,1169c65b9c114a746f3fc4879e8d01fb
N-29,N-29.png,1857194,37214423bd8af686bda93246702d915c
N-30,N-30.png,1703494,0458704cb11e68c6877adb567d606c0e
N-31,N-31.png,1814027,c77b89fc0ae0fcab234ff8388357b610
N-32,N-32.png,2029872,ccc250c533d25397e218f20aca7209e1
N-33,N-33.png,2119153,13933f8f275cf8f931e455b2f946c531
NB-01,NB-01.png,1933628,fa60cd822d1488fa7588ad9061e14215
NB-02,NB-02.png,2140955,dae3d9b8133f3497f84aa09e9e208acc
NB-03,NB-03.png,2100415,04e5c82b35f458591b0f3dd8eaecb03c
NB-04,NB-04.png,1975117,86c20dbee1f67c1fbb04e4488dfb5b76
NB-05,NB-05.png,1947684,b71d7f5d8bcf9d26eacdb95c9d056247
NB-06,NB-06.png,1801858,f7db89c1161991f1bda26f7c140b0e8b
NB-07,NB-07.png,1943056,b368cbc00b92d908be0bc9e361f69899
NB-08,NB-08.png,2117590,39bb3a4e03a8fa45ac70ca4842370f61
NB-09,NB-09.png,1984828,bac67233644dadbb46b4bf3d7907add6
NB-11,NB-11.png,1848420,df5621fff770ebaab5511bc8e945d984
NB-12,NB-12.png,2101487,fbb745c9d039b3be725d35277de880e9
NB-13,NB-13.png,2147411,e9f8389e0ac95784a24d30281d172666
NB-14,NB-14.png,1811419,326508f7d67245d71194825cebb53c68
NB-15,NB-15.png,1811885,235df4170ffa0a7ce6d4276862086353
NB-16,NB-16.png,2207826,c018104bde689b7ca8fb662f17ff66be
NBR-01,NBR-01.png,2414239,1353e59f04290ca6a021e50d4af891bc
NBR-02,NBR-02.png,2181787,a1c2621cff6074a89d59c7a554caf4f7
NBR-03,NBR-03.png,2111123,5b2da60eb4ba7ec1a7703ff04cbd95d8
NBR-04,NBR-04.png,2119380,fd007fbacf1fa81e1c30c553767bb40d
NBR-05,NBR-05.png,2621498,595acc8661d5027d0c2981bb436fe1f7
NBR-06,NBR-06.png,2311866,7b318c347cbbd54e8ec080ae118400ce
NBR-07,NBR-07.png,2183147,5e7fe21a1b59cb73c043bcb7b6dee7ae
NBR-08,NBR-08.png,2376203,feea4330c2c1008ea4a552c8c1ba551d
NR-01,NR-01.png,1822280,f843b743295a568e690d1642397979d2
NR-02,NR-02.png,2072832,59542d2d1a7ba62a1cee9db131ab424b
NR-03,NR-03.png,2106172,f78266bf6ca7c3aacf7468a4aa59b215
NR-04,NR-04.png,1910881,30c3ce37bd9235dbd16c99305f91cae6
NR-05,NR-05.png,1755480,6f75fbe15fe4aae709385e257ceaf2a7
NR-06,NR-06.png,2067163,ca975a5049f66213d7435e67dd7a55ff
NR-07,NR-07.png,1946045,ecd342d868ee84d4439cad90df9a180a
NR-08,NR-08.png,1938004,d71f133ab79a9e3fe5ce42862b4d6ee8
NR-10,NR-10.png,2223417,449b290b2ee9805aa01761ddd6b27ec2
NR-11,NR-11.png,1877588,607bf89667defc904ee4651de78e3a0d
NR-12,NR-12.png,2259080,3b373dd85f80514b3103e26e56ec9e61
NR-13,NR-13.png,2074098,e297958fb11aab972040cbcc8e27f431
NR-14,NR-14.png,1847262,215454605913205d59e018bc9728e8ec
NR-15,NR-15.png,1945221,b516a8f3cae45b8e8fa5cda2505f3515
NR-16,NR-16.png,1962924,6cfab30faa917be85e3f03414edeaaa4
P4-01,P4-01.png,2239795,bb068a1acd98bfe50db9562c67880e30
P4-02,P4-02.png,2328122,670fd1e8724a2ca89c4456213be71c00
P4-03,P4-03.png,2054625,0c540785d3503bd964574090456a247f
R-01,R-01.png,2428525,23c6065164587c46ac822282abe99f61
R-02,R-02.png,2275737,b49a2cada06a1d81d21fc56f7f1812ca
R-03,R-03.png,1987528,9f4e93b8d68ed99135dc991e11ad0830
R-04,R-04.png,2256217,745d7304b1725be42c7aeb58489951b1
R-05,R-05.png,2384572,000d1bc0fae2ebb1ac1efadb4d20281b
R-06,R-06.png,2041616,826517bafb6a3b4d2f41159d3b1e0efb
R-07,R-07.png,2318195,8607eafbeb2a6a823661b401a54a9c00
R-08,R-08.png,2117156,c3cab9017b2242ce528697ebe7acd272
R-09,R-09.png,2252839,2a2da2b5abb20ea43e9f68b8245c5988
R-10,R-10.png,2190883,0cb9cf4b8d5983a0ea9b570aa19a47f9
R-11,R-11.png,2300012,190757b5dfe8d7b643f49b712d0a8edb
R-12,R-12.png,2361771,705c2b704584a04fba43fb8182dec3f2
R-13,R-13.png,2432237,7f36b6a074c4e7e60df3202c8fba4b68
R-14,R-14.png,1941199,663f20bf51a5adc5173b6294925b7293
R-15,R-15.png,2089950,5ab21589624cbb54b41649e26497cda4
R-16,R-16.png,2417353,72bf95233e8e000d21bdf81896dc1f5f
R-17,R-17.png,2162595,8a346b677b446af79e44db4504f87b37
R-18,R-18.png,2388200,a52e39ec609aeb54262e134850ed073f
R-19,R-19.png,1655315,9393fdd08c6bed27b90817cc92d19a15
R-20,R-20.png,2430973,3bfb6a30efcaeeeac5087969a38ee882
R-21,R-21.png,2528581,e2f3f4c65795adf9c3b055119c97f025
R-22,R-22.png,2019858,7537c680d30624109a264be576995984
R-23,R-23.png,2687925,a1298debf97c89ce05d1dbc4c2ddf65c
R-24,R-24.png,2163328,babda82a2d2c4971a9a8755a0fad453a
R-25,R-25.png,2221683,52d30a087c8543b15b9dd46f788f6958
R-26,R-26.png,2150065,cf2fa2051b510d3b8e7baf0d8b63e6bb
R-27,R-27.png,2290733,13500c0dda412bdea5c8a35d16ebbeb2
R-28,R-28.png,1999307,9d10aa42bbcbc257b56cb7ef576d03ec
R-29,R-29.png,2321200,192724c067a9d8b5e839fd9d590d25ac
R-30,R-30.png,2291448,2436a4dfd951b9402aa08680fca6f297
R-31,R-31.png,2676960,ca7a182187143a4d5ce0228da1738417
R-32,R-32.png,2286477,615c4d59ba81b8f7b1710ecfc05fdb10
R-33,R-33.png,2383431,3b3c830673dc609c091851f362f26f25
