BATTLEBOARD STYLE LOCK,"Paste this before every battleboard art direction: ""Stylized fantasy card-game battle background, painterly digital art with clean bold shapes and soft cel-shaded lighting, matching a whimsical young-adult indie RPG card game, rich saturated colors with warm key light and colored shadows. A high-angle view looking down at a themed playing surface (table, floor, mat, or arena ground). The CENTER 60% of the image is calm, low-contrast, evenly lit, and uncluttered so cards placed on it stay readable. The opponent's side is the top half and the player's side is the bottom half, balanced and roughly mirror-symmetric. Thematic decorative detail is concentrated around the outer edges and corners, with a subtle vignette. Keep important details away from the very top and bottom 10% (the image will be cropped to 16:9). No text, letters, numbers, cards, UI, or characters in the center, no border. 3:2 landscape, 1536x1024.""",,,,
HOW IT WORKS,"Save each image as its Battleboard ID (e.g. BB-HOG.png). The game uses the zone's battleboard for overworld battles in that zone, and the dungeon's battleboard for every battle inside that dungeon. Boss battles can use a special board where listed.",,,,
,,,,,
Battleboard ID,Name,Used In,Theme,Art Direction (subject; paste the Battleboard Style Lock first),Art Status
BB-TOWN,Village Green,"Main Town overworld battles (corrupted path NPCs, encounters)","Cozy, warm, sunny town green","A sunny village green seen from above: a big checkered picnic blanket spread on soft grass as the playing surface, surrounded at the edges by flower beds, a cobbled path, market stalls with striped awnings, lanterns on posts, and a few curious ducks at the corners.",Generated
BB-GRAVE,The Town Graveyard,The Graveyard scripted encounter in the main town,"Misty, spooky, ominous","An old graveyard at night seen from above: a large flat moss-covered stone slab as the playing surface, surrounded by crooked tombstones, dead trees, candles, low drifting fog, and faint ghostly lights at the edges.",Generated
BB-TUT,Hollow Floor,Trial of the Hollow (tutorial),Mossy glowing cave,"A smooth mossy cave floor seen from above as the playing surface, with glowing crystals, curling roots, ferns, mushrooms, and fireflies around the edges and a soft green-blue glow.",Generated
BB-GAIN,The Lifting Platform,The Gainlands overworld battles,"Sunny outdoor gym, energy, transport","A huge outdoor wooden lifting platform with chalk marks as the playing surface, on a sunny hillside; around the edges: boulder weights, log barbells, a giant hamster wheel, a mill, a torn glowing portal in one corner, and floating islands in the sky at the top edge.",Generated
BB-DNA,The Desk Blotter,The D.N.A. overworld battles,"Spooky office bureaucracy, gray with sickly green","A giant leather desk blotter on an enormous old office desk as the playing surface; around the edges: stacks of paperwork, rubber stamps, an inkwell, a ghostly coffee mug, paper clips, a flickering green desk lamp, and wisps of ghostly mist.",Generated
BB-BUFF,The Banquet Tablecloth,The Endless Buffet overworld battles,"Whimsical giant food world, warm and appetizing","A huge white-and-gold banquet tablecloth as the playing surface; around the edges: giant plates, oversized cutlery, steaming dishes, a towering cake, scattered herbs and sprinkles, a gravy boat, and a small food golem peeking over one corner.",Generated
BB-DUMP,The Junkyard Ring,The Verdant Dump overworld battles,Nature meets junkyard meets farm,"A flat patch of packed earth ringed by old tires and planted with wildflowers as the playing surface; around the edges: junk piles overgrown with moss, a rusty car planter, hay bales, a compost heap, goats and raccoons peeking in, golden-hour light.",Generated
BB-CAP-OUT,The Wasteland Road,"The Capital, outside the walls","Decrepit wasteland, unsettling","A cracked, dusty stone road as the playing surface; around the edges: dead trees, broken carts, abandoned checkpoint barriers, ash drifting in the air, and glowing purple magical rifts tearing through the corners, under a gray sickly sky.",Generated
BB-CAP-IN,The Perfect Plaza,"The Capital, inside the walls (Primm's Perfection)","Eerily perfect, pastel, idyllic with something wrong","An immaculate pastel checkerboard plaza as the playing surface; around the edges: perfectly trimmed identical hedges, identical flower beds, a fountain, cheerful banners with a sun emblem, and one subtle hairline crack with a faint glow in a corner.",Generated
BB-HOG,The Throne Gym Floor,The House of Gains (all battles),Regime fortress-gym,"A black rubber gym floor with chalk lines and a painted circle as the playing surface; around the edges: chained marble columns, regime banners, racks of iron weights, trophy statues, and in one corner a glimpse of bare gray prison stone.",Generated
BB-TTK,The Steel Counter,The Test Kitchen (all battles),Kitchen lab and weapons R&D,"A gleaming stainless-steel kitchen counter as the playing surface; around the edges: bubbling beakers of sauce, blueprints, measuring tools, copper pots, a half-built cannon made of a blender, and sickly-glowing corrupted ingredients in jars.",Generated
BB-HFA,The Approval Desk,The Hall of Final Approvals (all battles),Bureaucratic nightmare,"A vast black marble government counter with a green blotter as the playing surface; around the edges: towering stacks of forms, giant rubber stamps, ticket number displays, filing cabinets, floating ghostly paperwork, and a velvet queue rope.",Generated
BB-ROT,The Root Mat,The Rotheart (all battles),"Corrupted, twisted nature","A flat mat of tightly woven glowing roots as the playing surface; around the edges: mutated glowing fungi, thorny vines, purple-green spores drifting, a pulsing corrupted flower, and pieces of junk being swallowed by growth.",Generated
BB-PC,The Mirror Parquet,Primm's Castle (all battles except the final boss),Perfect palace with corruption leaking through,"A polished gold-and-white parquet floor as the playing surface; around the edges: tall gilded mirrors, portraits of a smiling ruler, marble pillars, perfect flower vases, and thin glowing cracks creeping in from the corners.",Generated
BB-PC-BOSS,The Model Room,Final boss: Primm,Battling on top of the kingdom itself,"The top of a giant table holding a detailed scale model of the entire kingdom as the playing surface: tiny versions of the town, a gym, an office, a kitchen, and a junkyard arranged around the EDGES, with a flat empty plaza area in the center of the model for the cards; tiny figurines, faint grid lines, and mirrors and cracks at the outer edges.",Generated
BB-ARENA,The Arena Sands,The Arena (all encounters),Grand colosseum spectacle,"A raked sand arena floor as the playing surface; around the edges: stone colosseum walls, banners of all four factions, a cheering crowd silhouette at the top edge, torches, and trophies at the corners.",Generated
BB-S-BEEF,The Summit,The Ascent of Mount Swolympus,Mountaintop,"A flat ancient stone summit platform as the playing surface; around the edges: clouds below, ancient stone weights, chalk dust, prayer flags, and a golden glow from an altar at the top edge.",Generated
BB-S-GOUR,The Hinoki Counter,Omakase,Exclusive sushi restaurant,"A smooth pale hinoki-wood sushi counter as the playing surface; around the edges: a bamboo leaf, chopsticks, wasabi and ginger, small sushi plates, paper lanterns, and a koi pond glimpse in a corner.",Generated
BB-S-NECRO,The Waiting Room Carpet,The Waiting Room of Eternity,Infinite gray waiting room,"A worn, patterned gray waiting-room carpet as the playing surface; around the edges: rows of identical chairs, a dead potted plant, a ticket dispenser, scattered forms, and a glowing number display at the top edge.",Generated
BB-S-REF,The Dumpster Lid,The Trash Panda Throne,Raccoon kingdom,"A giant flat dumpster lid as the playing surface; around the edges: bottle-cap banners, pizza boxes, soda-can towers, a tiny trash-can-lid throne at the top edge, and raccoons peeking in.",Generated
BB-S-CAP,The Tunnel Mosaic,The Old Service Tunnels,Forgotten tunnels of the old harmony,"An old brick tunnel floor with a faded mosaic of four faction symbols as the playing surface; around the edges: brick arches, rusty pipes, puddles reflecting lantern light, and a beam of light from a grate at the top edge.",Generated
BB-S-TOWN,The Old Kingdom Floor,The Forgotten Vault,Ancient Old Kingdom vault,"An ancient stone floor with an inlaid four-colored compass rose as the playing surface; around the edges: mossy pillars, four faded faction banners, dormant clockwork statues, and a soft four-colored glow.",Generated
,,,,,Generated
,,,,,Generated