Battleboard ID,file,bytes,md5
BB-ARENA,BB-ARENA.png,2556920,129fec8a25255956b2a86825fa3e6d0e
BB-BUFF,BB-BUFF.png,2538243,952ef787a3a12dfa1800169b1d473988
BB-CAP-IN,BB-CAP-IN.png,2561327,1c5c212f9729c7963074f8d691a97e21
BB-CAP-OUT,BB-CAP-OUT.png,2760601,cd5c4a819badb3f9bdd9d53a0d5dba50
BB-DNA,BB-DNA.png,2376629,cbdad21014b61d6c9015e1e8cb3123fe
BB-DUMP,BB-DUMP.png,3087732,78c89289dc5e027b288b875529c25ba1
BB-GAIN,BB-GAIN.png,3025447,a151b17fd2c9a6a1d3b6df36642755ee
BB-GRAVE,BB-GRAVE.png,2576594,e0affaa7721a05979bc91ab486b22c2e
BB-HFA,BB-HFA.png,2630433,1efd2f77a796dbd3a5ae92186f9230ff
BB-HOG,BB-HOG.png,2807235,99c240050e18436ad6df4c1d9a2bd817
BB-PC,BB-PC.png,2497539,9ecdcecff732054684f1beb66adac6f8
BB-PC-BOSS,BB-PC-BOSS.png,2763131,9cda9460d79cb733e940dbc4a523786f
BB-ROT,BB-ROT.png,2896744,8292125061dc42558321910ed02b1a40
BB-S-BEEF,BB-S-BEEF.png,2350353,ce3b70a02601428413b390973d626182
BB-S-CAP,BB-S-CAP.png,2542916,288e32e0a43e818084aad74e628a0d87
BB-S-GOUR,BB-S-GOUR.png,2254857,c5f0c09a7be9872fc76d3877d026ad2b
BB-S-NECRO,BB-S-NECRO.png,2666521,4cfa6f2ba46c90d0dddaa083c7779ea7
BB-S-REF,BB-S-REF.png,2809029,488b5438d3d17647f6db834f8a70950e
BB-S-TOWN,BB-S-TOWN.png,2883107,e93789f36182153a236dfb888c4996c3
BB-TOWN,BB-TOWN.png,3026427,8b28b24fff1d2f27021b8e72222fa4ad
BB-TTK,BB-TTK.png,2841159,074bf5a49481c9b4494ce24ea07d459b
BB-TUT,BB-TUT.png,2783604,472f40b73dbce68f093727fc0dbfce47
