Card ID,text hash
R-01,db62407c6624
R-02,b2905420182e
R-03,b118e2708c67
R-04,88cad4579e9f
R-05,c17305fabeca
R-06,bc0742f70501
R-07,9f37347e0e9e
R-08,326491cb3795
R-09,bd71c0f52e86
R-10,c7cb991f05cf
R-11,86aa2eb89aab
R-12,e66af6d3f4b8
R-13,122531f1e6d8
R-14,b611bcd7d0e0
R-15,8534eb759bb5
R-16,092f8035b952
R-17,40a6f0919c73
R-18,a8d554aab0f2
R-19,7337fd5e66d1
R-20,8ecac504b764
R-21,76e31693e3e7
R-22,bf6923ef21fe
R-23,878c5dbe7ffb
R-24,b6d06f703fef
R-25,f28a2716d74b
R-26,8c3359cda9c8
R-27,5340156d61c5
R-28,a4990576e02f
R-29,f1ec0e1427dc
R-30,aaaf6d239c9c
R-31,cbdb7c35e31b
R-32,b8fcf7ac1dda
R-33,ead9df38cb70
G-01,b00e3d2080c9
G-02,a301042c504b
G-03,e045ea51c2b7
G-04,f501bdd147ea
G-05,271819d5ee35
G-06,052b9a73e925
G-07,add6d8d60858
G-08,fc4c5c41f5a3
G-09,1a9b458ab403
G-10,4a3de1dbbba5
G-11,4e3d601b8712
G-12,d2a248f68810
G-13,5c5e8c875432
G-14,0ad4a14b3083
G-15,67829783e438
G-16,5f2f768a48c5
G-17,0d038e1b9a07
G-18,23ef72704ada
G-19,f3857ffce834
G-20,cf04f454212c
G-21,5fabba48d189
G-22,d9512eda3f47
G-23,16553e289789
G-24,16150600a837
G-25,99f834bf2fca
G-26,78942187aeb1
G-27,7afe075872bb
G-28,f4c3d75eeefb
G-29,b945c91069ce
G-30,1c040e6da9dd
G-31,8d7ff8bcf1f7
G-32,be3ed568014c
G-33,9940d0bf585f
B-01,a866391f7101
B-02,5830e5ca2d9e
B-03,9eec177cd2bf
B-04,e9828fe3401b
B-05,a7d36b5e4e8d
B-06,3b42c56267e6
B-07,897c0b1649c1
B-08,a2e139702135
B-09,2b153df8851d
B-10,9d4e0611097a
B-11,872717e97967
B-12,a866391f7101
B-13,a866391f7101
B-14,3c6596de85fc
B-15,1692b816e9e7
B-16,bf3901a185fb
B-17,600eff135701
B-18,14e91c8fbe04
B-19,5b9dec23e035
B-20,d54a27238c8e
B-21,f034e76489ca
B-22,9ce12627a629
B-23,2e75923737b8
B-24,c518e49f2bdf
B-25,afd144726d05
B-26,7d3e2ded3c96
B-27,ea17c967c36b
B-28,8e229c8246b3
B-29,00d1f1eb7c9a
B-30,6bb8e22b46a3
B-31,680ad464410e
B-32,c4c2eb201451
B-33,aa6648b120aa
N-01,f5e7b20ccf28
N-02,b2b488d67611
N-03,daf30642bb19
N-04,a579f7671ecc
N-05,fdd986a7d129
N-06,542c750d5407
N-07,db231d332299
N-08,dc5381408fa1
N-09,186406e84ad7
N-10,80658fae6236
N-11,2102315dacea
N-12,658dbb0dd461
N-13,9cf3149fcf33
N-14,3072bd827a7d
N-15,3cfdf02f1a10
N-16,e4b9987d4ef7
N-17,1e4132e7c5e6
N-18,6e3682fdfc72
N-19,923b0bef8da6
N-20,dbd09c35cd63
N-21,b8a82453515c
N-22,d0e648c5139e
N-23,b25c61298a20
N-24,01408dbca2f5
N-25,1c7c554fd146
N-26,15d405015cba
N-27,c2029b1d09d7
N-28,44ad561d9977
N-29,438e87039a91
N-30,05e69de1622f
N-31,feefeba93e10
N-32,cbd84764bb99
N-33,0a64f70546d0
GR-01,0e01a31ccfe2
GR-02,13bf1bebf2ca
GR-03,6de7a8c8f0df
GR-04,64bfd6700c42
GR-05,d767101ee640
GR-06,c8f904fb6459
GR-07,efaf5711bc02
GR-08,d1e5491155da
GR-09,828ca6944411
GR-10,32114111864b
GR-11,1971d7f81619
GR-12,a915a7262de3
GR-13,44b1458c0677
GR-14,1036073a183c
GR-15,6cd769483f70
GR-16,01c2d6dc215b
GN-01,4b1ed6a7b2f7
GN-02,27c7b9dfb647
GN-03,ef685ebe92b2
GN-04,d627b34f87b6
GN-05,26c1c07dc8f1
GN-06,ed293a0a7810
GN-07,7d01b5e8e15a
GN-08,617c8dee2a14
GN-09,1dbaebd23d41
GN-10,47c0d8608d22
GN-11,ee3e89c86a03
GN-12,b569b8680fbe
GN-13,f849c8ca7f96
GN-14,e335766f2f2c
GN-15,88b1b3cb6fe4
GN-16,1e3aa684f76d
GB-01,6a6d6762e5f7
GB-02,9f3798b80f4f
GB-03,26e84cb1e176
GB-04,adc4a7b46de5
GB-05,cbf4aada06c4
GB-06,f7e609aa350c
GB-07,9cdb737ac0a4
GB-08,f5f96b44e0a4
GB-09,694c15d546fe
GB-10,74165f67cf35
GB-11,fb006f7fdea5
GB-12,5211957fe82f
GB-13,591edfa51431
GB-14,6ae1dc8fb414
GB-15,e2fe50321952
GB-16,4819315b80cb
NR-01,6ba36f407fdd
NR-02,b4436675f7ba
NR-03,9df053a33f9d
NR-04,66cf5e3fcd62
NR-05,2c616c63ca64
NR-06,a5df31aa602f
NR-07,ed2ac7a9b351
NR-08,464c413c362a
NR-09,2e841d65cb2f
NR-10,0e2b705b4440
NR-11,e7e463baba5c
NR-12,4f77bd5861ad
NR-13,04b43bfbab1f
NR-14,e6850a22a98b
NR-15,ce7ebeb1d964
NR-16,9a9306bf4c98
NB-01,462951fc0abd
NB-02,fd72638ce6a8
NB-03,5096a75b72de
NB-04,221cee3b2e0b
NB-05,2ad075553522
NB-06,a2fe2833eea2
NB-07,55b9625cbea4
NB-08,7f5155c2f91c
NB-09,f60ddd8c6114
NB-10,c9ae488702e1
NB-11,33e727dbcb24
NB-12,b2e17fb2c697
NB-13,2e387ae0c867
NB-14,c35f5e25bbc4
NB-15,60ad84da6eb6
NB-16,857b82b77299
BR-01,efb5c200474a
BR-02,04faa04f096d
BR-03,123ce0b7d332
BR-04,06c6bfb957a5
BR-05,53ae6bb2f560
BR-06,3c6596de85fc
BR-07,72ed0fc624a0
BR-08,f4744073c013
BR-09,56f1a924a6f0
BR-10,7c9e98744958
BR-11,e2b04fb2faa9
BR-12,b9c2cfd9d129
BR-13,195ccf5fdae9
BR-14,9584cc29b510
BR-15,3a3fee9c0e56
BR-16,6d0db0a63d45
GRB-01,8d1c8c974b3b
GRB-02,816b062362a7
GRB-03,a73c912f0bc3
GRB-04,4af889a8e931
GRB-05,4081c687fd9a
GRB-06,fc4f07c9b14e
GRB-07,613e41fbc56e
GRB-08,b30c35039ac5
GRN-01,9a35ce0e8d49
GRN-02,d1f21acd8865
GRN-03,29c7d1f46997
GRN-04,d9e0238abb27
GRN-05,251de866343f
GRN-06,aee0b1a98285
GRN-07,203f4995f02f
GRN-08,7260b2aa4b55
GBN-01,21a32bdfc957
GBN-02,a3e55ea572a6
GBN-03,a16fa78e4cde
GBN-04,8862512163ae
GBN-05,05cbed0eb6ba
GBN-06,b779fb01ef41
GBN-07,73f67aa3f8fa
GBN-08,245bb0954120
NBR-01,60bfea47d47f
NBR-02,b9241792e62c
NBR-03,6735404c8982
NBR-04,2a85205d48d2
NBR-05,2dd616c12683
NBR-06,82f2c832e0b2
NBR-07,9d7df7a3428a
NBR-08,87fad75256bc
P4-01,e5550abe7293
P4-02,64dae635c18e
P4-03,1ba2cf32f7ca
C-01,d41d8cd98f00
C-02,d41d8cd98f00
C-03,9f37347e0e9e
C-04,f1dd92f9ace8
C-05,f501bdd147ea
C-06,205baa3da649
C-07,9e9fa8184616
C-08,e08698e8b16b
C-09,d41d8cd98f00
C-10,a9d3931c7670
C-11,5830e5ca2d9e
C-12,000a5d7942c0
C-13,99f3c34b6105
C-14,30534abd4711
C-15,b3138549e937
C-16,fd883b1fe629
C-17,cd538d7006ea
C-18,249fdbad2058
C-19,a323ee451164
C-20,986bc04fbb1f
C-21,4c26b1deb2a8
C-22,9115a11debfc
C-23,6110a22f64e0
C-24,18744499117d
C-25,60624cd6e584
C-26,330e985e90ff
C-27,d5053985112c
C-28,bb486724085e
C-29,be7b74d07ec4
C-30,25bf26430b99
C-31,05963af44279
C-32,51436caeb23d
C-33,65bb8f8d40fd
C-34,a5ba256d3c63
INF-01,e9828fe3401b
INF-02,9c1f5603e275
INF-03,71138d550513
INF-04,f50669171e6e
INF-05,92e885eb8dbb
INF-06,8d5d5ef07552
INF-07,7e374c4296a3
INF-08,10cddbed360e
INF-09,cef17c7b26d9
INF-10,142738b27483
INF-11,18744499117d
BAS-N,b6b7038a5ed4
BAS-R,a6ecda436243
BAS-G,1cc120b708d9
BAS-B,808d5d492502
T-01,d41d8cd98f00
T-02,d41d8cd98f00
T-03,d41d8cd98f00
T-04,d41d8cd98f00
T-05,d41d8cd98f00
T-06,d41d8cd98f00
T-07,872717e97967
T-08,d41d8cd98f00
T-09,502e01ecdda9
T-10,d41d8cd98f00
T-11,d41d8cd98f00
T-12,f1bc55851230
T-13,c4bc82b040d4
T-14,24ded13d0041
T-15,ae0a0e7bbd57
T-16,d41d8cd98f00
T-17,d41d8cd98f00
T-18,9e9fa8184616
T-19,36a29f7e4508
T-20,a866391f7101
T-21,d41d8cd98f00
T-22,d41d8cd98f00
T-23,f501bdd147ea
RES-IRON,2f2f6fc70e70
RES-INGREDIENT,ad0b2a96540e
RES-GARBAGE,9901667e41cd
JUNK-01,42595878c399
