Map Image ID,file,bytes,md5
MAP-HFA,MAP-HFA.png,2907101,a586f5f386b55bc3b3725c3d83d78996
MAP-HOG,MAP-HOG.png,3136957,966dc531e9cd047c884f57721812c8d2
MAP-PC,MAP-PC.png,3038862,d19a690b22e2e10897d105d75ed173d7
MAP-ROT,MAP-ROT.png,3697213,773d53cc56706b884062498451b58c53
MAP-S-BEEF,MAP-S-BEEF.png,3087387,be4a8ab6911bd714efb7e548077967c3
MAP-S-CAP,MAP-S-CAP.png,3005522,c9c8a974ba4f2987716aba9f1a81d466
MAP-S-GOUR,MAP-S-GOUR.png,3255336,8ee256c9b9c2539e38f7245208271461
MAP-S-NECRO,MAP-S-NECRO.png,2834910,2c5bb33fee040c767b28e1bd5de63bea
MAP-S-REF,MAP-S-REF.png,3347189,e29de1068165ec3405c475d0066dd7f3
MAP-S-TOWN,MAP-S-TOWN.png,3000525,0074a8eac512803012a6404259a2acf1
MAP-TTK,MAP-TTK.png,3342533,9ee8dcf8aab7162d06171b70e42e4d65
MAP-TUT,MAP-TUT.png,2967803,13b35bd21c891fb64a145e7db6c43316
