PORTRAIT STYLE LOCK,"Paste before every Portrait Art Direction: ""Stylized fantasy character portrait for a visual-novel style dialogue screen, painterly digital art with clean bold shapes and soft cel-shaded lighting, matching a whimsical, expressive young-adult indie RPG card game. A single character shown from the waist up, centered, turned three-quarters toward the viewer, expressive face and clear readable silhouette, soft key light from the upper left. Same framing and scale for every character: top of the head about 8% from the top edge. Fully transparent background (PNG); if transparency isn't possible, use a plain flat light-gray background with nothing else. No text, no dialogue box, no frame, no border. 2:3 portrait, 1024x1536.""",,,,,,,,,,
HOW IT WORKS,"When the player talks to an NPC, their portrait pops up beside the dialogue box (like the reference images). Save each portrait as its Portrait Image ID (e.g. NPC-ELDER.png). Optional expressions use a suffix: NPC-ELDER_HAPPY.png, NPC-ELDER_ANGRY.png, etc.; the game falls back to the base portrait if an expression is missing. Vendor screens use a separate shop background (Vendor Screens section below) with the vendor's portrait composited on top.",,,,,,,,,,
,,,,,,,,,,,
NPC ID,Name,Role / Type,Location,Personality & Interesting Traits,Voice & Speech Style,Game Function,Portrait Image ID,Portrait Art Direction (subject; paste the Portrait Style Lock first),Suggested Expressions,Art Status,Notes
STARTING AREA + MAIN TOWN,,,,,,,,,,,
NPC-PLAYER,The Wanderer: Prince Tessar Wayweaver (player),Player character,Everywhere,"The lost prince of Pathavia, presumed dead. Eleven at the coup, twenty-one now. Spent ten years in the Path-ology Lab while Path-ologists drained the royal bloodline's power to wield all four Paths at once. Wakes in the forest outside Crosspath with amnesia, weak enough to walk only one Path; gains a second after his first freed zone and all four on the Pathwork Throne. Curious, resilient, quietly funny. Doesn't know his name, only that what he's doing is right. Memories return after each freed zone (via Elder Maren); learns he is the prince after the fourth zone, or from Primm if he reaches him first.","Short, wry inner monologue; earnest when it counts.",Self-talk dialogue in the starting area and key story moments.,NPC-PLAYER,"A young man of about twenty-one in a simple traveler's tunic and a plain hooded cloak, no armor, thin and slightly worn from long captivity, a faint glow of four colors around one hand, slightly bewildered but determined expression, scruffy hair.","NEUTRAL, CONFUSED, DETERMINED",Needed,Cosmetic hats/cloaks are not reflected in the portrait (default outfit). Royal house: Wayweaver.
NPC-ELDER,Elder Maren,Town elder / quest giver / resistance contact,Main Town (Crosspath),"Warm, sharp-eyed, and slow to trust. Founded the study of the Paths and once led the Path-ologists; helped build the lab, then fled into hiding when Primm took over. Now Crosspath's elder and the resistance's contact there, quietly turning Path-ologists inside the lab (one is the Wanderer's rescuer). Waits at the Forgotten Cave because her contact said someone would be smuggled out, but not who. Reveals her secrets in stages as the Wanderer's memories return; recognizes the prince after the fourth. Bakes too many pies, keeps a key to the Forgotten Vault.","Kind, slow, slightly cryptic; calls everyone 'dearie'.",Main story guide; finds and shelters the Wanderer; delivers a memory fragment after each freed zone; gives the Forgotten Vault quest (S-TOWN).,NPC-ELDER,"An elderly, kindly tortoise woman standing upright, silver braids poking out from under a patched shawl in four faded colors, round spectacles perched on her beak, her shell mossy with tiny flowers, holding a walking stick carved with four symbols, kind knowing smile.","NEUTRAL, HAPPY, WORRIED",Needed,Species: tortoise (female). Update any in-game art or model still showing her as human.
NPC-GATEKEEPER,Gatekeeper Brannoch,Guard / quest giver,Main Town,"Gruff, enormous, and secretly soft-hearted. Takes his job very seriously even though the gate has no lock. Keeps a notebook of every traveler's name.","Short grunts, then a surprisingly tender sentence.",Explains zone access and the Paths; gives Clear the Paths quest beats.,NPC-GATEKEEPER,"A huge, gruff brown bear standing upright as a gatekeeper, wearing a dented helmet with ear holes and a sturdy leather coat, holding a long halberd in one paw and a tiny notebook in the other, stern face with a twinkle in the eye.","NEUTRAL, STERN, HAPPY",Needed,Species: bear.
V-SABLE,Sable,Vendor: cards (singles + General Packs),Main Town market,"A sly, glamorous card dealer who knows every card's history. Loves a good bargain story, collects rare misprints, never reveals where she gets her stock.","Smooth, teasing, theatrical sales pitch.",Card vendor; General Packs Tier 1 and 2.,V-SABLE,"A sly, glamorous red fox standing upright as a card dealer, wearing a velvet coat covered in card-shaped pins and fingerless gloves, fanning a hand of glowing cards with a confident smirk, bushy tail curling behind her.","NEUTRAL, PLEASED, SCHEMING",Needed,Species: fox. Name from the current game build.
V-TONIC,Tilly Tonic,Vendor: consumable items,Main Town,"An overenthusiastic apothecary who tests every potion on herself (her hair changes color daily). Cheerful, accident-prone, unexpectedly brilliant.","Fast, bubbly, lots of exclamation points.",Item vendor (basic stock; advanced stock unlocks by level).,V-TONIC,"A cheerful, bubbly frog apothecary standing upright, her skin shifting between bright colors in patches, goggles pushed up on her head, a bandolier of tiny bubbling bottles across her chest, holding up a glowing potion proudly with a wide grin.","NEUTRAL, EXCITED, OOPS",Needed,Species: frog (her skin changes color like her potions).
V-BEETSWORTH,"Bertram Beetsworth, Assistant to the Regional Merchant",Vendor: equipment,Main Town,"Intense, rule-obsessed, beet-farming equipment salesman with a desk-drawer arsenal, a fierce love of security protocols, and enormous pride in his title. Original character with affectionate office-comedy nods.","Clipped, dead-serious, oddly specific facts about beets and bears.",Equipment vendor (basic stock; advanced stock unlocks by level).,V-BEETSWORTH,"A stiff, intense man with a center-parted haircut, wire glasses, a mustard-yellow short-sleeved shirt and tie under a leather armor vest, holding a beet in one hand and a gleaming sword in the other.","NEUTRAL, PROUD, SUSPICIOUS",Needed,Must stay an original character (no TV names or quotes).
V-THREADWELL,Pip Threadwell,Vendor: clothing (hats and cloaks),Main Town,"A flamboyant, tiny haberdasher who believes every hat tells a story. Dramatic gasps at bad fashion, measures customers without asking.","Grand, dramatic, fashion-obsessed.",Clothing/cosmetics vendor.,V-THREADWELL,"A tiny, flamboyant mouse tailor standing upright on a spool of thread, wearing an enormous feathered hat, a tape measure around the neck, pins in the lapel, and a swirling patchwork cape, striking a dramatic pose with a needle like a rapier.","NEUTRAL, DELIGHTED, HORRIFIED",Needed,"Species: mouse (tiny tailor, huge hat)."
V-FENWICK,Foil Fenwick,Vendor: Path Packs,Main Town,"A twitchy, excitable pack-opening enthusiast who sniffs fresh card packs and rates them. Gets visibly emotional about foils.","Breathless, nerdy, whispers 'foil' reverently.",Pack Vendor (Path Packs unlock as dungeons are cleared).,V-FENWICK,"A twitchy, wide-eyed magpie merchant standing upright, wearing a vest covered in shiny foil patches, clutching a sealed glowing card pack to the light with trembling excitement, feathers ruffled.","NEUTRAL, EXCITED, OVERWHELMED",Needed,Species: magpie (obsessed with shiny foils). Name from the current game build.
V-ALEMBIC,Auntie Alembic,Vendor: the Alchemist (crafting),Main Town,"A calm, eccentric alchemist who mixes the four Paths' essences into multi-path cards. Talks to her flasks. Believes the kingdom was healthiest when everything was mixed together.","Soft, mystical, unexpectedly blunt.",Crafting vendor: trades essence + gold for multi-path cards (unlocks after 2 zones completed).,V-ALEMBIC,"A tall, serene, otherworldly alchemist with luminous skin marbled in four soft colors, four slender arms (two holding flasks swirling with colored essence), long flowing hair that drifts like smoke, a long apron stained in four colors, calm knowing smile.","NEUTRAL, PLEASED, MYSTERIOUS",Needed,"Species: otherworldly being (four arms, four-colored skin)."
NPC-BELLOWS,Announcer Grand Bellows,Arena master,Main Town (Arena),"A booming, mustachioed showman who narrates everything like a championship bout, including his own lunch.",LOUD. Everything is an announcement.,Runs the Arena; describes encounters and prizes.,NPC-BELLOWS,"A barrel-chested walrus showman with a magnificent bristly mustache and tusks, wearing a sequined ringmaster coat, holding a brass megaphone in one flipper, mid-shout with arms wide.","NEUTRAL, SHOUTING, IMPRESSED",Needed,Species: walrus (the mustache is real).
NPC-HOB,Old Hob the Gravedigger,Ominous NPC,Main Town (Graveyard),"Creaky, cheerful about death, knows the Graveyard's secret and the terrible thing that waits there. Hums funeral songs.","Slow, creepy-cheerful, ends sentences with a chuckle.",Starts the Graveyard scripted challenge.,NPC-HOB,"A cheerful ghoul gravedigger with grayish skin and a gap-toothed grin, wearing a battered top hat and a long muddy coat, a lantern in one hand and a shovel over his shoulder.","NEUTRAL, GRINNING, OMINOUS",Needed,"Species: ghoul (undead, cheerful about it)."
NPC-BRONSON,Brick Bronson (corrupted),Corrupted path NPC (Beefcake),"Main Town, Beefcake Path","A former Beefcake courier twisted by the regime: angry, paranoid, obsessed with 'only iron matters'. Freed, he is sweet, sheepish, and loves stretching.",Corrupted: barking slogans. Freed: gentle and apologetic.,Battle that unlocks the Gainlands entrance.,NPC-BRONSON,"A muscular courier with cracked iron-gray skin patches, glowing red eyes, torn courier uniform and chains, clenching his fists aggressively.","CORRUPTED, FREED",Needed,"FREED expression: same man, normal skin, embarrassed smile."
NPC-PALLOR,Prudence Pallor (corrupted),Corrupted path NPC (Necrocrat),"Main Town, Necrocrat Path","A once-kind Necrocrat clerk now stamping 'DENIED' on everything, trapped by Primm's paperwork. Freed, she is tired, wry, and helpful.",Corrupted: monotone policy recitation. Freed: dry humor.,Battle that unlocks the D.N.A. entrance.,NPC-PALLOR,"A pale skeletal clerk in a tattered gray office suit wrapped in glowing red tape, holding a huge stamp, empty glowing green eyes.","CORRUPTED, FREED",Needed,
NPC-GRAVOIS,Chef Fennel Gravois (corrupted),Corrupted path NPC (Gourmand),"Main Town, Gourmand Path","A passionate Gourmand chef warped by corrupted food: force-feeds people, insists everything is 'for the war effort'. Freed, he is an affectionate, emotional cook.",Corrupted: manic and pushy. Freed: dramatic and warm.,Battle that unlocks the Endless Buffet entrance.,NPC-GRAVOIS,"A portly green ogre chef with a stained toque, veins of glowing sickly green running up his arms, holding a ladle of bubbling corrupted stew, wild eyes and a forced grin.","CORRUPTED, FREED",Needed,Species: ogre.
NPC-MULLIGAN,Moss Mulligan (corrupted),Corrupted path NPC (Refusemancer),"Main Town, Refusemancer Path","A young druid whose nature magic turned on her: thorns grow from her arms and she speaks for the 'hungry green'. Freed, she is shy, earnest, and loves raccoons.",Corrupted: whispery and overlapping. Freed: soft and nervous.,Battle that unlocks the Verdant Dump entrance.,NPC-MULLIGAN,"A young faun druid with small horns and goat legs, wearing a patched mossy cloak, thorny purple vines growing from her arms and hair, glowing purple eyes, mushrooms sprouting on her shoulders.","CORRUPTED, FREED",Needed,Species: faun.
THE GAINLANDS (Beefcake),,,,,,,,,,,
V-BENCHLEY,Coach Brutus Benchley,Vendor: advanced Beefcake cards,"Gainlands, Swole Station","A retired champion turned motivational coach who sells cards like supplements. Has a whistle, a clipboard, and zero inside voice.","Hype-man energy, sports metaphors, 'LET'S GO!'",Zone card vendor.,V-BENCHLEY,"A hulking minotaur coach in a tracksuit and sweatband, whistle around his neck, clipboard in one hand, flexing one bicep with a huge grin, a ring through his nose.","NEUTRAL, HYPED, DISAPPOINTED",Needed,Species: minotaur.
NPC-HURL,Big Hurl,Thrower (traversal),Gainlands,A gentle giant whose love language is throwing people to floating islands. Has never once missed (he says).,"Cheerful, simple, counts down before every throw.",Throws the player to floating islands.,NPC-HURL,"An enormous, friendly stone troll covered in moss with arms like boulders, rolled-up sleeves on a vest, a wide toothy grin, giant hands cupped and ready to throw.","NEUTRAL, WINDING UP",Needed,Species: stone troll. Represents all Thrower NPCs.
NPC-RIP,Rip Tearson,Portal Ripper (traversal),Gainlands,Rips open portals with his bare hands and also rips his shirt every single time. Owns 400 identical shirts.,"Grunts, then a calm customer-service line.",Opens portals between linked locations.,NPC-RIP,"A muscular Beefcake mid-tear of a glowing purple portal with his bare hands, his shirt also tearing apart, focused expression.","NEUTRAL, STRAINING",Needed,Represents all Portal Ripper NPCs.
NPC-PUMP,Professor Pump,Quiz master,Gainlands,"A buff academic in a tweed jacket that barely fits. Believes knowledge is a muscle. Grades on a curve (literally, a bicep curve).","Professorial, pompous, gym puns.",Asks 4 questions about the Beefcakes.,NPC-PUMP,"A massively muscular rhinoceros professor in a tiny tweed jacket that barely fits and a bow tie, round glasses on his horn, holding a pointer in one hand and a dumbbell in the other.","NEUTRAL, IMPRESSED, DISAPPOINTED",Needed,Species: rhinoceros.
NPC-THUNDERABS,Chet Thunderabs,Minigame host,Gainlands,A neon-clad late-night fitness infomercial host who sells 'revolutionary' workout gadgets. Original character full of 80s-90s aerobics nods.,"But WAIT, there's MORE!' energy; fake-excited.",Hosts the Gainlands minigame.,NPC-THUNDERABS,"A tanned, grinning fitness host in a neon headband, leg warmers, and a shiny tracksuit, holding a ridiculous gadget with both thumbs up.","NEUTRAL, SELLING, SHOCKED",Needed,
NPC-MOUNTAIN,Old Man Mountain,Hermit / quest giver,"Gainlands, Swole Station","A wheezing, ancient ex-champion who once climbed Mount Swolympus. Mostly naps. Knows exactly where the Barbell of the Ancients is.","Wheezy, nostalgic, trails off mid-story.",Gives the Mount Swolympus quest (S-BEEF).,NPC-MOUNTAIN,"A tiny, ancient, wheezing yeti hermit with long white fur and an enormous braided beard, huge old forearms, wrapped in a blanket and holding a steaming cup of tea.","NEUTRAL, NOSTALGIC",Needed,Species: yeti.
THE D.N.A. (Necrocrat),,,,,,,,,,,
V-LEDGERBONE,Clerk Ledgerbone,Vendor: advanced Necrocrat cards,D.N.A. Lobby,A meticulous skeleton clerk who requires a form for every purchase but is secretly delighted when someone fills it out correctly.,"Flat, procedural, tiny flashes of joy.",Zone card vendor.,V-LEDGERBONE,"A tidy skeleton clerk in sleeve garters and a green visor, quill behind the ear, holding a stack of purchase forms and a stamp.","NEUTRAL, PLEASED, DISAPPROVING",Needed,Undead: skeleton.
NPC-ECTOMUND,Director Ectomund,Quiz master,D.N.A.,A ghostly trivia administrator who scores answers in triplicate. Has been running the same quiz for 300 years.,"Officious, droning, delighted by correct answers.",Asks 4 questions about the Necrocrats.,NPC-ECTOMUND,"A translucent ghostly official in an old-fashioned suit with a pocket watch and clipboard, monocle, floating slightly.","NEUTRAL, PLEASED",Needed,Undead: ghost.
NPC-KYLE,Kyle (Deceased Since '09),Minigame host,D.N.A.,"A millennial ghost stuck in his era: away messages, dial-up noises, a top-8 friends list, a virtual pet that keeps dying. Original character.","Casual, nostalgic slang, 'brb', 'rawr'.",Hosts the D.N.A. memory matching minigame.,NPC-KYLE,"A friendly translucent ghost guy in a side-swept emo haircut, a zip hoodie with band-style patches (no logos), holding a flip phone and a tiny virtual pet.","NEUTRAL, NOSTALGIC, EXCITED",Needed,Undead: ghost.
NPC-GERALD,"Gerald, Number 4,000,212",Quest giver,D.N.A.,"A patient ghost who has been waiting in line for centuries. Endlessly polite, slightly unraveling.","Polite, tired, hopeful.",Gives the Waiting Room of Eternity quest (S-NECRO).,NPC-GERALD,"A mild-mannered ghost clutching a crumpled numbered ticket, wearing a cardigan, with dark circles under his eyes and a hopeful smile.","NEUTRAL, HOPEFUL",Needed,Undead: ghost.
NPC-AGNES,Agnes Overdue,Quest giver; later Necrocrat leader (new head of the D.N.A.),D.N.A. Lobby; Hall of Final Approvals,"A sweet, exasperated ghost who has waited so long to pass on that all she wants is to let go; every appeal she files is denied. Guides the player through the Hall of Final Approvals. When the CE-No is removed, policy hands the office to the senior-most applicant on file: her. She stays to fix the system first: 'Even the dead deserve humanity. Our job is to help the lost souls. We treat everyone with respect.' Stamps the royal heir's file 'ALIVE. FILE COMPLETE.' in the ending.","Exasperated, motherly; steely when it matters.",Main dungeon hook and guide for the Hall of Final Approvals; becomes the Necrocrat leader and lends a boon against Primm.,NPC-AGNES,"An elderly ghost lady in a cardigan and pearls carrying an enormous stack of denied appeal forms, exasperated expression.","NEUTRAL, EXASPERATED, RESOLUTE",Needed,Undead: ghost. Prudence Pallor becomes her deputy.
THE ENDLESS BUFFET (Gourmand),,,,,,,,,,,
V-MIREPOIX,Madame Mirepoix,Vendor: advanced Gourmand cards,"Endless Buffet, Grand Pantry","An elegant, snooty restaurateur who presents cards like courses on a tasting menu. Secretly adores scrappy customers.","Refined, condescending, then suddenly warm.",Zone card vendor.,V-MIREPOIX,"An elegant, snooty Persian cat restaurateur standing upright in a tailored chef's coat with gold buttons, a pencil tucked behind one ear, presenting a card on a silver tray with one raised eyebrow.","NEUTRAL, IMPRESSED, UNIMPRESSED",Needed,Species: Persian cat.
NPC-PATE,Professor Pate,Quiz master,Endless Buffet,A plump culinary scholar who answers every question with a recipe. Tastes his chalk.,"Lecturing, mouth-watering descriptions.",Asks 4 questions about the Gourmands.,NPC-PATE,"A round, jolly otter culinary professor in a toque and academic robe, holding a wooden spoon like a pointer and a small recipe chalkboard at chest height, with crumbs on his whiskers.","NEUTRAL, DELIGHTED",Needed,Species: otter.
NPC-FLAMBE,Chef Flambe Fontaine,Minigame host,Endless Buffet,A dramatic TV-cooking-show host with catchphrases and a feud with everyone. Original character full of 90s/2000s cooking-show nods.,Over-the-top showbiz energy; 'Order UP!',Hosts the Endless Buffet minigame.,NPC-FLAMBE,"A flamboyant human cooking-show host in a dramatic chef's coat and tall toque, holding a flaming saute pan at chest height with a theatrical grin and a grand presenting gesture.","NEUTRAL, SHOWBIZ, FURIOUS",Needed,
NPC-BASIL,Basil,Quest giver,"Endless Buffet, Grand Pantry",A nervous young line cook who suspects the leader is an impostor ('Chef ALWAYS tastes her sauces'). Brave when it matters.,"Whispered, jittery, loyal.",Main dungeon hook for the Test Kitchen.,NPC-BASIL,"A nervous young rabbit line cook in an oversized apron, long ears drooping, clutching a ladle to his chest and glancing over his shoulder.","NEUTRAL, NERVOUS, DETERMINED",Needed,Species: rabbit.
THE VERDANT DUMP (Refusemancer),,,,,,,,,,,
V-GRISTLE,Granny Gristle,Vendor: advanced Refusemancer cards,"Verdant Dump, Compost Grange","A cheerful, toothless junk-trader granny who swears every card was 'found, not stolen'. Has a raccoon on her shoulder at all times.","Folksy, rambling, cackling.",Zone card vendor.,V-GRISTLE,"A cheerful old opossum granny in patched overalls and a straw hat with flowers, a raccoon perched on her shoulder, holding up a card she found in a tin can with a toothless grin.","NEUTRAL, CACKLING, SUSPICIOUS",Needed,Species: opossum.
NPC-THISTLEWICK,Druid Thistlewick,Quiz master,Verdant Dump,A very serious druid who believes recycling is a sacred duty. Sorts his own thoughts into labeled bins.,"Earnest, lecturing, nature metaphors.",Asks 4 questions about the Refusemancers.,NPC-THISTLEWICK,"A dignified stag-headed druid with great mossy antlers hung with bottle caps, wearing a moss robe, holding a staff with three small recycling bins hanging from it, serious expression.","NEUTRAL, APPROVING",Needed,Species: stag-headed druid.
NPC-RHONDA,Recycle Rhonda,Minigame host,Verdant Dump,A peppy eco-crusader with 90s-PSA energy and a county-fair blue ribbon obsession. Original character.,"Peppy, slogan-heavy, sing-song.",Hosts the Verdant Dump sorting minigame.,NPC-RHONDA,"A peppy human eco-crusader in patched moss-green work clothes and a rust-orange bandanna, proudly displaying a blue county-fair ribbon and holding a small sorting bin, bright encouraging smile.","NEUTRAL, CHEERING",Needed,
NPC-BRAMBLE,Brother Bramble,Quest giver,"Verdant Dump, Compost Grange","A worried, kind druid who notices the corruption first. Also furious that someone keeps eating the compost (the raccoons).","Soft-spoken, then suddenly indignant.",Gives the Rotheart hook and the Trash Panda Throne quest (S-REF).,NPC-BRAMBLE,"A gentle young hedgehog druid with leaves stuck in his spines, wearing a mossy hooded robe, holding a half-eaten compost bin covered in tiny paw prints, worried brow.","NEUTRAL, WORRIED, INDIGNANT",Needed,Species: hedgehog.
THE CAPITAL,,,,,,,,,,,
NPC-WREN,Wren,Resistance leader,"Capital, resistance hideout","Calm, scarred, fiercely protective of her people. Grew up before Primm and remembers the old harmony. Dry sense of humor under pressure.","Low, steady, few words, sharp jokes.",Runs the hideout; story guide in the Capital and the castle.,NPC-WREN,"A tough young birdfolk woman with the features of a wren: small sharp beak, brown speckled feathers, and cropped crest feathers, wearing a patched hooded coat in mismatched colors from all four Paths, a scar across one eyebrow, arms crossed with a confident look.","NEUTRAL, DETERMINED, SAD",Needed,Species: birdfolk (wren).
V-FIGSLY,Fig Sly,"Vendor: black market (rare cards, Gilded Packs)","Capital, resistance hideout","A smooth-talking smuggler who sells contraband under Primm's nose. Charming, untrustworthy, surprisingly loyal to the resistance.","Whispery, winking, everything is 'off the books'.",Black market vendor; sells Gilded Packs.,V-FIGSLY,"A sly, thin weasel smuggler in a long coat lined with hidden pockets full of glinting goods, a wide-brimmed hat tipped low, one paw raised to his lips.","NEUTRAL, SLY, NERVOUS",Needed,Species: weasel. Name from the current game build.
NPC-KESTREL,Kestrel,Resistance scout / quest giver,Capital outskirts,"A quick, cocky scout who knows every secret way into the city. Leaves cryptic chalk marks.","Quick, playful, whispers.",Gives the Old Service Tunnels quest (S-CAP).,NPC-KESTREL,"A nimble young scout with goggles, a hooded scarf, a satchel of maps and chalk, crouched mid-grin.","NEUTRAL, PLAYFUL",Needed,
NPC-SPOTLESS,Captain Spotless,Enforcer captain (boss),Capital gate / Old Service Tunnels,Primm's most devoted enforcer. Polishes his armor between every sentence. Believes a single smudge is treason.,"Rigid, fussy, shouted regulations.",Gate battle and Old Service Tunnels boss.,NPC-SPOTLESS,"A rigid guard captain in gleaming white-and-gold armor without a single scratch, a polishing cloth in one hand, a perfectly trimmed mustache, scowling.","NEUTRAL, OUTRAGED",Needed,
NPC-PELL,Widow Pell,Path quest giver (Necrocrat),Capital,"Has been denied a permit to lay her husband to rest for three years. Keeps his ghost company at the kitchen table. Funny, heartbreaking.","Tired humor, quiet grief.",Necrocrat Path quest in the Capital.,NPC-PELL,"A middle-aged woman in a plain dress holding a stack of rejected permits, a faint friendly ghost of her husband peeking over her shoulder.","NEUTRAL, SAD, HOPEFUL",Needed,"Human, with her husband's ghost."
NPC-ROLLO,Rollo Spokes,Path quest giver (Beefcake),Capital,A Beefcake forced onto an endless energy wheel to power the facade's lights. Exhausted but cracking jokes.,Breathless jokes between pedal strokes.,Beefcake Path quest in the Capital.,NPC-ROLLO,"An exhausted muscular human Beefcake laborer who works the Capital's energy wheel, wearing worn regulation work clothes with warm red and gold accents, sweat on his brow, holding a wheel handle at chest height, breathless but good-humored expression.","NEUTRAL, EXHAUSTED, RELIEVED",Needed,Renamed from Gus (NPC-GUS).
NPC-MARLO,Chef Marlo,Path quest giver (Gourmand),Capital,A Gourmand chef secretly keeping real recipes alive while everyone eats Primm's 'perfect nutrient paste'.,"Hushed, passionate.",Gourmand Path quest in the Capital.,NPC-MARLO,"A mole chef in a plain gray regulation uniform, tiny spectacles on his snout, hiding a battered handwritten cookbook under his arm, a spice pouch peeking from his pocket, conspiratorial smile.","NEUTRAL, CONSPIRATORIAL",Needed,Species: mole (keeps recipes hidden underground).
NPC-FERN,Old Fern,Path quest giver (Refusemancer),Capital,An old druid gardener after composting was outlawed as 'untidy'. Smuggles worms in her hat.,"Grumbly, defiant, lovable.",Refusemancer Path quest in the Capital.,NPC-FERN,"A tiny, defiant old gnome druid woman with a giant sun hat full of worms and seedlings, dirt on her rosy cheeks, holding a forbidden compost pail.","NEUTRAL, DEFIANT",Needed,Species: gnome.
NPC-CITIZEN,A Perfectly Happy Citizen,Facade citizen (generic),"Capital, Primm's Perfection","Identical citizens with fixed smiles who repeat approved phrases, and occasionally slip up with a hint of fear.",Everything is perfect!' ... (whispers) 'help'.,Atmosphere; hints of the facade.,NPC-CITIZEN,"An unnervingly neat citizen in an identical pastel outfit with a fixed, too-wide smile and slightly frightened eyes.","SMILING, SLIP-UP (frightened)",Needed,Human (deliberately identical: Primm's uniformity).
LEADERS + BOSSES (dialogue portraits),,,,,,,,,,,
NPC-FLEX,"Grandmaster Flex, the Unbroken",Beefcake leader (ally token),House of Gains,"The overthrown Beefcake leader. Appears frail and decrepit from years in the Iron-less Prison, but trained through calisthenics, yoga and meditation. Calm, wise, playful. True strength comes from the heart and mind.","Serene, slow, kind; one-liners with perfect timing.",Rescued in the House of Gains; joins the boss fight.,NPC-FLEX,"FRAIL version: a thin, elderly man in ragged prison robes with a long white beard, sitting cross-legged in meditation with a serene smile.","FRAIL, SERENE, REVEAL",Needed,"Human. Matches his token art; keep human. REVEAL expression (NPC-FLEX_REVEAL, later): the same man tearing away his robes to reveal an enormous chiseled physique, glowing with calm light."
NPC-CLENCH,"Chancellor Clench, Iron Regent",Boss (House of Gains),House of Gains,The regime ruler who overthrew the Beefcake leader. A bodybuilder who runs the Gainlands like a bureaucracy for Primm. Believes strength means control.,"Barked orders, measured in reps and regulations.",House of Gains boss.,NPC-CLENCH,"A towering bodybuilder squeezed into an immaculate official uniform with medals, a gavel-dumbbell in hand, slicked hair, cold sneer.","NEUTRAL, FURIOUS, DEFEATED",Needed,Human.
NPC-ESCOFFINA,The Grand Chef (formerly Grand Chef Escoffina),Gourmand leader,Endless Buffet,"The true Gourmand leader: warm, generous, brilliant; believes feeding people is the highest form of protection. Kept 'on ice' in the Test Kitchen's deep freezer for ten years by her doppelganger. Freed and back in her kitchen, she bakes a wonder-filled dish that breaks the corrupted-food enchantment and proves she is the true Grand Chef. Then she willingly gives her name to the lost, faceless doppelganger: 'What you're called doesn't matter. It's what you do that matters.' Proud of her work and stands by it; everyone now just calls her 'Chef'.","Warm, commanding, maternal.",Freed after the Test Kitchen; legendary reward; lends a boon against Primm.,NPC-ESCOFFINA,"A regal, warm-eyed master chef in an ornate golden chef's coat and towering toque, ladle raised like a scepter, kind confident smile.","NEUTRAL, WARM, PROUD",Needed,Human. Matches her card art; keep human. Card name may need updating.
NPC-DOPPEL,The Doppelganger (later named Escoffina),Boss (Test Kitchen),Test Kitchen,"Has worn Escoffina's face for ten years and forgotten its own; never tastes the food because it can't taste anything as itself. Cold, efficient, turned the kitchens into a weapons factory for Primm. After its defeat, lost and confused, it is given the name Escoffina by the true chef and stays on to learn to cook honestly.",Escoffina's words with no warmth; slips into flat menace. Later: hesitant and earnest.,Test Kitchen boss; postgame kitchen apprentice.,NPC-DOPPEL,"Grand Chef Escoffina's exact outfit and face, but with an uncanny too-perfect smile, cold eyes, and a faint shimmer where the disguise doesn't quite fit.","DISGUISED, REVEALED",Needed,"Shapeshifter. REVEALED expression (later): the disguise peeling away into a faceless, shifting silhouette in a chef's coat."
NPC-VELLUM,Undersecretary Vellum,"Elite (Hall of Final Approvals, Appeals Court)",Hall of Final Approvals,"Mortimer Grimsby's deputy. Utterly calm, utterly procedural; defends the valid transfer of authority at the Appeals Court. 'Noted. The authorization remains valid.'","Monotone, polite, devastating.",Hall of Final Approvals elite.,NPC-VELLUM,"A tall, gaunt undead official with ink-stained fingers, a high-collared gray suit covered in seals and ribbons, holding a glowing approval stamp, perfectly calm expression.","NEUTRAL, DENYING, DEFEATED",Needed,Undead.
NPC-MORTIMER,"Mortimer Grimsby, CE-No",Boss (Hall of Final Approvals),D.N.A.; Hall of Final Approvals,"The CE-No who runs the D.N.A. for Primm and enforces every rule to the letter, no matter who it crushes, because the paperwork transferring authority is valid. Not cackling-evil, just immovable. 'The answer is no. The question is irrelevant.' Removed from office after his defeat; takes a number in the Waiting Room of Eternity, right behind Gerald.","Formal, dry, rare deadpan humor.",Hall of Final Approvals boss (Office of Final Approval).,NPC-MORTIMER,"An imposing skeletal executive in an immaculate pinstripe suit, holding a giant stamp in one hand and a neatly stacked sheaf of paperwork in the other, composed and stern, waist-up dialogue portrait. No desk or background scenery.","NEUTRAL, DENYING, DEFEATED",Needed,Undead: skeleton. Matches his card art; his legendary card may become a boss card.
NPC-COMPOSTELLA,Archdruid Compostella,Refusemancer leader,Verdant Dump,"Grandmotherly, wise, mischievous, deeply connected to nature. Corrupted through that very connection. Cured, she is grateful and fierce.","Gentle, earthy, playful.",Freed after the Rotheart; legendary reward.,NPC-COMPOSTELLA,"A majestic elderly druid queen with a crown of antlers, wildflowers, and bottle caps, robes of moss and patchwork, leaning on a staff carved from a twisted pipe, kind smile.","NEUTRAL, WARM, FIERCE",Needed,Matches her card art; keep as-is.
NPC-ROTHEART,"Compostella, the Rotheart",Boss (Rotheart),The Rotheart,Compostella corrupted: nature turned hungry and twisted. Speaks with many overlapping voices of the 'hungry green'.,"Layered whispers, sorrowful menace.",Rotheart boss.,NPC-ROTHEART,"The Archdruid corrupted: antlers overgrown with thorny purple vines, glowing toxic-green eyes, mutated mushrooms and roots erupting from her robes, sorrowful and menacing.","NEUTRAL, ENRAGED",Needed,Corrupted version of Compostella; keep consistent with her card art.
NPC-PRIMM,"Primm, ""His Perfection""",Final boss,"Primm's Perfection (the Capital), Primm's Castle","Former Royal Minister of Improvements of Pathavia. Brilliant, sincere, arrogant, selfish: saw improving the kingdom by any means as his official duty, including killing King Harmon and Queen Concordia and taking the Pathwork Throne. Spared the prince to drain his bloodline's power; without royal blood, that stolen power is his only hold on the Paths, and it has been slipping since the prince escaped. Tells the Wanderer who he is if reached before all four zones are freed. After defeat he finally sees the damage he caused; he serves the kingdom on infrastructure and technology under permanent arrest, kept away from all Path workings.","Gracious, polished, patronizing; cracks into rage and grief when defeated.",Final boss; story beats throughout the castle; postgame prisoner-engineer.,NPC-PRIMM,"A tall, immaculately groomed ruler in a flawless white-and-gold uniform with a sun emblem, perfectly styled hair, a serene, gracious smile that doesn't reach his eyes, a hand mirror at his belt.","GRACIOUS, DISAPPOINTED, ENRAGED, BROKEN",Needed,Human.
NPC-WARDEN,The Hollow Warden,Boss (tutorial),The Forgotten Cave,An ancient moss-and-stone Old Kingdom guardian of the royal escape tunnel. Only the royal bloodline may pass. Grumbles that the Wanderer 'smells familiar.',"Rumbling, few words, approving at the end.",Tutorial boss (Forgotten Cave).,NPC-WARDEN,A hulking guardian of mossy stone and roots with glowing blue crystal eyes and flowers growing on its shoulders.,"NEUTRAL, APPROVING",Needed,Stone guardian.
NPC-SPOTTER,The Ancient Spotter,Boss (Mount Swolympus),Mount Swolympus,"A stone colossus who has spotted the Barbell of the Ancients for 1,000 years and has never let anyone drop it.","Booming, encouraging, 'one more rep'.",Side dungeon boss (S-BEEF).,NPC-SPOTTER,"An ancient, massive stone colossus with weathered carved features, broad muscular rock shoulders and arms, moss in the cracks and chalk dust on its hands, holding its enormous hands ready to spot a heavy barbell, stern but encouraging expression. Waist-up dialogue portrait; no scenery.","NEUTRAL, PROUD",Needed,Stone colossus.
NPC-ITAMAE,The Itamae Supreme,Boss (Omakase),Omakase,"A silent, legendary sushi master who communicates entirely through knife skills and single raised eyebrows.",Almost silent; one perfect word per fight.,Side dungeon boss (S-GOUR).,NPC-ITAMAE,"A stern, elderly sushi master in a white headband and indigo robes, holding a gleaming knife, one eyebrow raised.","NEUTRAL, IMPRESSED",Needed,Species: crane.
NPC-BETTY,"Betty Bones, Surly Secretary",Boss (Waiting Room of Eternity),Waiting Room of Eternity,A skeleton secretary in cat-eye glasses who has never once been impressed. Will process you. Eventually.,"Dry, nasal, sighing, 'forms A through F'.",Side dungeon boss (S-NECRO).,NPC-BETTY,"A skeleton styled like an older secretary with cat-eye glasses on a chain, a cardigan, a requisition form in one hand, adjusting her glasses with the other, unimpressed.","NEUTRAL, UNIMPRESSED",Needed,
NPC-RACCOONKING,His Majesty the Raccoon,Boss (Trash Panda Throne),Trash Panda Throne,"The raccoon king who has been eating all the compost. Sweats profusely. Deeply guilty, deeply regal.","Grandiose, nervous, sweating.",Side dungeon boss (S-REF).,NPC-RACCOONKING,"A raccoon in a soup-can crown and a robe made from a pizza box, sitting regally while sweating profusely, guilty grin.","NEUTRAL, SWEATING",Needed,
NPC-AUTOMATON,The Vault Guardian,Boss (Forgotten Vault),Forgotten Vault,"An Old Kingdom clockwork guardian built by all four Paths together, waiting for someone worthy of the old banner.","Ticking, formal, ancient.",Side dungeon boss (S-TOWN).,NPC-AUTOMATON,"A mossy ancient clockwork guardian built from iron, bone, copper pots, and woven vines, a four-colored core glowing in its chest.","NEUTRAL, AWAKENED",Needed,
NPC-NINJA,"Shiro Swindle, Master of the Oldest Trick",Prankster / secret boss,Giant chests: main town (middle of nowhere) + one in each Path zone,"A smug, theatrical ninja who hides in suspiciously giant chests, mocks the player for falling for 'the oldest trick in the book', steals their gold, and vanishes shouting 'SMOKE BOMB!!!' Secretly lonely and just wants a worthy rival.","Over-the-top dramatic, cackling, terrible ninja puns.","Steals 50 gold per giant chest (5 total); after the fifth, challenges the player at the first chest. Defeating him awards 3 Gilded Packs.",NPC-NINJA,"A smug, theatrical ninja in a dark outfit with a ridiculously long flowing scarf, half-emerging from a giant treasure chest, one hand holding a sack of stolen gold coins and the other raised in a taunting pose, eyes squinting with mischievous laughter, a puff of smoke around him.","SMUG, LAUGHING, DEFEATED",Needed,Human (ninja). New NPC added for the giant-chest prank questline.
THE ROYAL FAMILY + THE PATH-OLOGY LAB,,,,,,,,,,,
NPC-KING,King Harmon Wayweaver,Late king (memories and portraits),Memories; Primm's Private Gallery,"The prince's father. A gentle, patient ruler who held the four Paths together by letting each be itself. Killed in Primm's coup.","Warm, steady.",Appears in memory fragments and the painted-over royal portrait.,NPC-KING,"A kind, broad-shouldered king in his forties with a short dark beard, a simple circlet set with four small colored stones, and a deep-blue robe embroidered with the four Path symbols in a ring, warm and steady expression.","NEUTRAL, WARM",Needed,Human. Royal house: Wayweaver.
NPC-QUEEN,Queen Concordia Wayweaver,Late queen (memories and portraits),Memories; Primm's Private Gallery,"The prince's mother. Clever, musical, and fierce; hummed the old lullaby the prince remembers first. Killed shielding her son during the coup.","Soft, musical, resolute.",Appears in memory fragments and the painted-over royal portrait.,NPC-QUEEN,"An elegant queen in her late thirties with long braided hair woven with four colored ribbons, a slender circlet, and a gown in soft layered colors of all four Paths, a gentle knowing smile.","NEUTRAL, SINGING, PROTECTIVE",Needed,Human. Royal house: Wayweaver.
NPC-RESCUER,The Rescuer (name undecided),Defected Path-ologist,Forest (prologue); Path-ology Lab (postgame),"A Path-ologist turned by Elder Maren who smuggled the prince out of the lab and sent him through the royal tunnel. Asks the Wanderer if he can still pull energy from the Paths and which Path he walked most, then vanishes. Caught after the escape and held in the lab; freeing them is the heart of the postgame dungeon.","Hushed, urgent, guilty, kind.",Prologue: starting deck choice. Postgame: rescued in the Path-ology Lab; identity revealed.,NPC-RESCUER,"A hooded figure in a long travel cloak over a stained white lab coat, face mostly shadowed, a few colored vials on a belt, holding out a gloved hand, tense but kind eyes.","HOODED, REVEALED",Needed,Hood stays up until the postgame reveal.
NPC-SIPHON,"Dr. Ambrose Siphon, Chief Path-ologist","Boss (Path-ology Lab, postgame)",Path-ology Lab,"Maren's former protege, who took over her research when she fled and spent ten years draining the prince's power for Primm. Still running experiments after Primm's fall. Cold, curious, proud; sees the prince as his life's work.","Clinical, precise, faintly delighted.",Postgame dungeon boss.,NPC-SIPHON,"A thin, meticulous scientist in an immaculate white lab coat with four-colored glass vials and tubes at his belt, round tinted goggles pushed up on his forehead, a clipboard in hand, a calm, unsettling smile.","NEUTRAL, FASCINATED, FURIOUS",Needed,Human. Placeholder name.
VENDOR SCREENS,,,,,,,,,,,
VENDOR SCREEN STYLE LOCK,"Paste before every Vendor Screen Art Direction: ""Stylized fantasy shop interior background for a game vendor screen, painterly digital art with clean bold shapes and soft cel-shaded lighting, matching a whimsical young-adult indie RPG card game, rich saturated colors and warm lighting. Seen from the customer's point of view, standing in front of the shop counter. The LEFT 40% of the image has open space behind the counter where the vendor will be placed (do NOT draw the vendor). The RIGHT 55% is a calmer, softly lit, uncluttered wall or shelf backdrop where the item list will be overlaid. Signature goods and personality props on the counter, shelves, and edges. No people, no text, no letters, no price tags with writing, no UI, no border. 16:9 landscape (generate 1536x1024 and keep key details away from the top and bottom 10%).""",,,,,,,,,,
HOW IT WORKS,Each vendor screen = this shop background (Vendor Screen ID) + the vendor's portrait (Portrait Image ID) composited on the left + the item grid on the right. The portrait can switch expressions (e.g. happy on purchase). Save backgrounds as their Vendor Screen ID (e.g. VS-SABLE.png).,,,,,,,,,,
Vendor Screen ID,Vendor,Portrait Image ID,Location,Goods Sold,Screen Concept (shows off the vendor's character),UI / Interaction Notes,Background Art Direction (subject; paste the Vendor Screen Style Lock first),Art Status,,,
VS-SABLE,Sable (card dealer),V-SABLE,Main Town market,"Single cards; General Packs (Tier 1, Tier 2 after unlock).","A glamorous velvet card salon: cards displayed like jewelry under glass, rare misprints framed on the wall.",Cards shown as fanned rows; hover zooms the card; the Tier 2 shelf appears with a sparkle when unlocked.,"A plush velvet card salon with a polished dark-wood counter, glass display cases of glowing cards arranged like jewelry, framed rare cards on the walls, candle sconces, and a deep-red curtain behind the counter.",Needed,,,
VS-TONIC,Tilly Tonic (items),V-TONIC,Main Town,Consumable items (basic half; advanced half unlocks by level).,"A cluttered, bubbling apothecary: potions fizzing, a small explosion scorch mark on the ceiling.",Items shown as bottles on shelves; the locked advanced shelf sits behind a frosted glass door.,"A cozy, chaotic apothecary with a wooden counter covered in bubbling flasks and mortar-and-pestles, shelves of glowing colorful potions, hanging dried herbs, a scorch mark on the ceiling, and a small steaming cauldron in the corner.",Needed,,,
VS-BEETSWORTH,Bertram Beetsworth (equipment),V-BEETSWORTH,Main Town,Equipment (basic; advanced unlocks by level).,"A rigidly organized armory-office: labeled racks, a desk drawer of hidden blades, a beet farm through the window.","Equipment grouped by slot (helm, weapon, armor, boots, relic) with compare-to-equipped tooltips.","A tidy, overly organized armory-office with a metal desk-counter, perfectly aligned weapon racks and armor stands, filing cabinets, a half-open desk drawer full of hidden blades, a framed blank certificate, and a window showing a beet farm.",Needed,,,
VS-THREADWELL,Pip Threadwell (clothing),V-THREADWELL,Main Town,"Hats, cloaks, and dyes (cosmetic).","A dramatic boutique: hat stands everywhere, a spotlit mirror, a tiny runway.",Uses a live character preview so the player can try items on before buying.,"A flamboyant boutique with towering hat stands, cloaks on mannequins, bolts of colorful fabric, a gilded full-length mirror under a spotlight, a small runway carpet, and scattered pins and ribbons on the counter.",Needed,,,
VS-FENWICK,Foil Fenwick (Path Packs),V-FENWICK,Main Town,Path Packs (each unlocks after that Path's dungeon is cleared).,"A shrine to card packs: packs on velvet pedestals under spotlights, foil glinting everywhere.",Locked Path Packs shown as covered pedestals with a hint; pack opening plays right here.,"A small shop that feels like a shrine, with sealed card packs on velvet pedestals under spotlights, shimmering foil streamers, four pedestals with colored cloth covers, and a glass case of glittering foil cards.",Needed,,,
VS-ALEMBIC,Auntie Alembic (Alchemist),V-ALEMBIC,Main Town,Crafting: trade essence + gold for multi-path cards (tri-path after the postgame).,A mystical alchemy lab where four colored essences swirl into one cauldron.,Shows essence totals per Path; choose two Paths; the crafting animation plays in the cauldron.,"A mystical alchemy laboratory with a large central cauldron swirling with four colors of glowing essence, copper pipes, alembics and flasks, star charts on the wall, and four colored crystal jars on the counter.",Needed,,,
VS-FIGSLY,Fig Sly (black market),V-FIGSLY,"Capital, resistance hideout","Gilded Packs, rare cards, contraband.","A hidden smuggler's den: goods in secret compartments, a lookout slit, shielded candles.",Items revealed from 'hidden compartments' on hover.,"A secret smuggler's den behind a false bookshelf, unmarked crates, a coat rack hung with goods, glinting gilded card packs in an open hidden compartment, a single shielded candle, and a lookout slit in the wall.",Needed,,,
VS-BENCHLEY,Coach Brutus Benchley (Beefcake cards),V-BENCHLEY,"Gainlands, Swole Station",Advanced Beefcake cards; Beefcake Path Packs after unlock.,"A gym pro shop: cards stacked like protein tubs, a trophy wall.",Cards shown in 'supplement' tubs; purchases trigger a motivational shout.,"A bright gym pro shop with lockers, a trophy wall, stacked protein tubs, dumbbell racks, a whistle on a hook, and a sunny window looking out onto floating islands.",Needed,,,
VS-LEDGERBONE,Clerk Ledgerbone (Necrocrat cards),V-LEDGERBONE,D.N.A. Lobby,Advanced Necrocrat cards; Necrocrat Path Packs after unlock.,"A government service window: ticket display, forms in triplicate, a bell for service.",Purchases get a quick comedic 'stamp' animation (no extra steps).,"A gloomy government service counter with a glass partition, a service bell, trays of forms, a giant rubber stamp, filing cabinets behind, and a flickering green lamp.",Needed,,,
VS-MIREPOIX,Madame Mirepoix (Gourmand cards),V-MIREPOIX,"Endless Buffet, Grand Pantry",Advanced Gourmand cards; Gourmand Path Packs after unlock.,"A fine-dining tasting menu: cards presented under silver cloches, candlelight.",Each card is 'unveiled' from under a cloche on hover.,"An elegant fine-dining room with a white-tablecloth counter, silver cloches, a sommelier cart, a chandelier, copper pots on the wall, and warm candlelight.",Needed,,,
VS-GRISTLE,Granny Gristle (Refusemancer cards),V-GRISTLE,"Verdant Dump, Compost Grange",Advanced Refusemancer cards; Refusemancer Path Packs after unlock.,"A junk-trader's porch stall: cards in tin cans and jars, raccoons rummaging.",Cards pulled out of tin cans; a raccoon occasionally peeks in (comedy only).,"A rustic junk-trader's porch stall made from salvaged wood, jars and tin cans full of cards, a rocking chair, wind chimes made of spoons, hay bales, and wildflowers growing out of an old boot.",Needed,,,
VS-BELLOWS,Announcer Grand Bellows (Arena),NPC-BELLOWS,Main Town (Arena),Arena encounter list and arena-exclusive prizes.,"An announcer's booth overlooking the arena sand: banners, a prize podium, a roaring crowd.","Encounter list with rules, rewards, and completion status; prize showcase.","An announcer's booth high in a colosseum, with a brass megaphone on the ledge, faction banners, a prize podium with gleaming trophies, and a sunny arena with a cheering crowd beyond.",Needed,,,