Portrait Image ID,file,bytes,md5
NPC-AGNES,NPC-AGNES.png,2377445,473fc303f3ae46ba86afe8bbdd1c9212
NPC-AUTOMATON,NPC-AUTOMATON.png,3017197,742ca118d4a415452cbf2b1a19f91a91
NPC-BASIL,NPC-BASIL.png,2419904,2cda1d71a9c444e42d2b1576b22ca33f
NPC-BELLOWS,NPC-BELLOWS.png,2490170,377d118e2a700033f7637579664234ad
NPC-BETTY,NPC-BETTY.png,2113919,0cc8727a863842a9b3bc9f08a5ee0341
NPC-BRAMBLE,NPC-BRAMBLE.png,2931900,991039e281ac01b38993bb06f106eaa9
NPC-BRONSON,NPC-BRONSON.png,2422458,001e926549df71954fa6cdec050b474a
NPC-CITIZEN,NPC-CITIZEN.png,2311688,02b87bda1d4e81bd72feddeb688fe2f6
NPC-CLENCH,NPC-CLENCH.png,2530238,41a3abb964ca019e79dc59b43c4cc7a3
NPC-COMPOSTELLA,NPC-COMPOSTELLA.png,3236697,6bd64bd2b44a863e1be4103329dd4602
NPC-DOPPEL,NPC-DOPPEL.png,2632797,974035c1259bbbfa142e337c8eb7379d
NPC-ECTOMUND,NPC-ECTOMUND.png,2213069,72773032082721f7fbb8dbc65c4f055b
NPC-ELDER,NPC-ELDER.png,2519077,bcd051389b89ceb6d7fb5f1c7e8c73cf
NPC-ELDER_HAPPY,NPC-ELDER_HAPPY.png,2450571,f790816c4f6bb72336b9406595c89183
NPC-ELDER_WORRIED,NPC-ELDER_WORRIED.png,2457244,795bc6708ae0fb74369759263adccae3
NPC-ESCOFFINA,NPC-ESCOFFINA.png,2676894,e3a4cd46d88897184b73865bbfde3692
NPC-FERN,NPC-FERN.png,3173198,51954faf61c143eecebb0c24ede0a4f1
NPC-FLAMBE,NPC-FLAMBE.png,2481146,09b0ae8062d6a27fad57865b62218073
NPC-FLEX,NPC-FLEX.png,2785142,bc0b69c327630f05f85f70f086d0ad14
NPC-GATEKEEPER,NPC-GATEKEEPER.png,2228191,ec62a8e8390d7f1f705103710d2ee1df
NPC-GATEKEEPER_HAPPY,NPC-GATEKEEPER_HAPPY.png,2231386,83863ca2f68a7dd858e71b012b551773
NPC-GATEKEEPER_STERN,NPC-GATEKEEPER_STERN.png,2215064,c96c9cdb0c18edbe9af5f9ee92883528
NPC-GERALD,NPC-GERALD.png,2221074,e5676860b5221aa3a0b122fc141a7168
NPC-GRAVOIS,NPC-GRAVOIS.png,2626163,cbb5cdba81840b6d253d8bf6e8ef7d96
NPC-ROLLO,NPC-ROLLO.png,2635334,e1b32465139dfa73acdc60d929ccfa75
NPC-HOB,NPC-HOB.png,2521475,3f4cc90147b78ebcf066ca4a5defe731
NPC-HURL,NPC-HURL.png,2511299,7814de5e5adfa8399b2bcd7734fe7157
NPC-ITAMAE,NPC-ITAMAE.png,2194525,e5ed4b9bd3c1d8d705390bf9d5696434
NPC-KESTREL,NPC-KESTREL.png,2748808,cd8932cb332fe2b35b1ec25df2b54171
NPC-KYLE,NPC-KYLE.png,2448533,9d2d53221b5ef114245d0ab2e6fb69dc
NPC-MARLO,NPC-MARLO.png,2375188,caed697a0ebcf937c5c0830f15773a93
NPC-MORTIMER,NPC-MORTIMER.png,2261409,9f6d3baa96c2d6aef0d23a529360d9ab
NPC-MOUNTAIN,NPC-MOUNTAIN.png,2624041,a08a5a6acaed2c623fd45b2360917a74
NPC-MULLIGAN,NPC-MULLIGAN.png,2569164,0c918068f9e42a647bc3ac5265fcba57
NPC-PALLOR,NPC-PALLOR.png,2473519,1759e3a45922b285847706e4ff6e6135
NPC-PATE,NPC-PATE.png,2420793,825c67752638291e6e97204426aa3e23
NPC-PELL,NPC-PELL.png,2299521,e29137b9bec94ef38ee555761cda675c
NPC-PLAYER,NPC-PLAYER.png,2357513,f63de9abce01090b653ac8214fe3c0d6
NPC-PLAYER_CONFUSED,NPC-PLAYER_CONFUSED.png,2243225,dc94df61b6753430c44bcb7ac46bc076
NPC-PLAYER_DETERMINED,NPC-PLAYER_DETERMINED.png,2262499,4c4808535ad348bd2deacc34410e1eb0
NPC-PRIMM,NPC-PRIMM.png,2557334,844ba67429f0da19b4a2743ffe78a828
NPC-PUMP,NPC-PUMP.png,2489183,bbe843285cd829aeda6505bab000547a
NPC-RACCOONKING,NPC-RACCOONKING.png,2865467,18cffcea7b7eedc6bb04069b96109773
NPC-RHONDA,NPC-RHONDA.png,2728403,61bd7b3286bbe43befa3b932bd175e77
NPC-RIP,NPC-RIP.png,2513779,18b98807f133346b4bfaff837f59290d
NPC-ROTHEART,NPC-ROTHEART.png,3488376,810e9514fdffb5baab91d27bb13e7741
NPC-SPOTLESS,NPC-SPOTLESS.png,2696221,5d078894280dd32f357d7c827cb38fa9
NPC-SPOTTER,NPC-SPOTTER.png,2906645,777a55c71bdeab786563204c9d1415d9
NPC-THISTLEWICK,NPC-THISTLEWICK.png,3171312,e70d749627f51c86a617aab68bbe844b
NPC-THUNDERABS,NPC-THUNDERABS.png,2509066,c7cf3ed0d2ba1c8239d3df60286999ed
NPC-VELLUM,NPC-VELLUM.png,2605777,d8a7ef19f1bb688fce1800724745fd7a
NPC-WARDEN,NPC-WARDEN.png,2941229,64ef5d85b62b1dc756bb00293dc0706a
NPC-WREN,NPC-WREN.png,2748356,dd650244c8d52627f317b4a1fb0aa7d0
V-ALEMBIC,V-ALEMBIC.png,2574370,8e685c08aae6acef00a2f4e3bb1d687a
V-BEETSWORTH,V-BEETSWORTH.png,2346051,24cc1d2b247d7176acb90b8ccd79332b
V-BEETSWORTH_PROUD,V-BEETSWORTH_PROUD.png,2297382,5350cdf5c1c73dd0112fbbeea2719711
V-BENCHLEY,V-BENCHLEY.png,2186243,e12c5734135c8469b14b467f5c26311b
V-FENWICK,V-FENWICK.png,2558949,6d369e8804354f45db235d723402c3ff
V-FENWICK_EXCITED,V-FENWICK_EXCITED.png,2533878,385c37f470d249227eb3041c26f8ec83
V-FIGSLY,V-FIGSLY.png,2565576,10526df0ac4fe9f6f94e2c28d0a0dfc3
V-GRISTLE,V-GRISTLE.png,2890665,a1dc660378e85d1623fa5261fcd88aaf
V-LEDGERBONE,V-LEDGERBONE.png,2182646,7bbabe437a6f4f229cf09f7172036104
V-MIREPOIX,V-MIREPOIX.png,2250706,e798a5b22314daefdc0db65241993b7b
V-SABLE,V-SABLE.png,2419564,7e28168ba13a65d444163d47079120a4
V-SABLE_PLEASED,V-SABLE_PLEASED.png,2399285,2ea83b265ae31f5180ae102c63a125f9
V-SABLE_SCHEMING,V-SABLE_SCHEMING.png,2487278,3fbd0fc3ced4da5bc728f730a6f7a1fc
V-THREADWELL,V-THREADWELL.png,2644317,c88e83eda46180dca8be5cb5520ceb32
V-THREADWELL_DELIGHTED,V-THREADWELL_DELIGHTED.png,2649873,a7f3e5c955565287593505978b577f88
V-TONIC,V-TONIC.png,2705702,2de6ff93e24370282a732704a5c23499
V-TONIC_EXCITED,V-TONIC_EXCITED.png,2698039,f4ad3ca1c9ef132354a28c2277a4a6c5
V-TONIC_OOPS,V-TONIC_OOPS.png,2649411,06e7326595f9858634dcd0e8d9d6f162
