id,name,kind,source_file,status,seam_before,seam_after
TEX-MAT-WOODPLANKS,mat_woodplanks,texture,TEX-MAT-WOODPLANKS.png,ok,3.03,0.87
TEX-MAT-TIMBER,mat_timber,texture,TEX-MAT-TIMBER.png,ok,1.87,1.24
TEX-MAT-STONEWALL,mat_stonewall,texture,TEX-MAT-STONEWALL.png,ok,1.26,0.89
TEX-MAT-BRICK,mat_brick,texture,TEX-MAT-BRICK.png,ok,1.92,1.26
TEX-MAT-PLASTER,mat_plaster,texture,TEX-MAT-PLASTER.png,ok,1.18,1.14
TEX-MAT-ROOF-RED,mat_roof_red,texture,TEX-MAT-ROOF-RED.png,ok,1.47,0.80
TEX-MAT-ROOF-BLUE,mat_roof_blue,texture,TEX-MAT-ROOF-BLUE.png,ok,1.45,0.86
TEX-MAT-THATCH,mat_thatch,texture,TEX-MAT-THATCH.png,ok,2.19,1.45
TEX-MAT-METAL,mat_metal,texture,TEX-MAT-METAL.png,ok,1.02,2.08
TEX-MAT-ROCK,mat_rock,texture,TEX-MAT-ROCK.png,ok,1.72,1.03
TEX-MAT-BARK,mat_bark,texture,TEX-MAT-BARK.png,ok,1.61,1.05
TEX-MAT-LEAVES,mat_leaves,texture,TEX-MAT-LEAVES.png,ok,2.22,1.05
TEX-START-FORESTFLOOR,start_forestfloor,texture,TEX-START-FORESTFLOOR.png,ok,1.69,1.30
TEX-START-MOSS,start_moss,texture,TEX-START-MOSS.png,ok,1.59,1.04
TEX-START-LEAFLITTER,start_leaflitter,texture,TEX-START-LEAFLITTER.png,ok,1.70,1.14
TEX-START-DIRTPATH,start_dirtpath,texture,TEX-START-DIRTPATH.png,ok,1.70,1.04
TEX-TOWN-GRASS,town_grass,texture,TEX-TOWN-GRASS.png,ok,2.10,1.15
TEX-TOWN-WILDFLOWER,town_wildflower,texture,TEX-TOWN-WILDFLOWER.png,ok,1.72,1.16
TEX-TOWN-STONE,town_stone,texture,TEX-TOWN-STONE.png,ok,1.47,0.94
TEX-TOWN-SOIL,town_soil,texture,TEX-TOWN-SOIL.png,ok,1.73,0.98
TEX-TOWN-SAND,town_sand,texture,TEX-TOWN-SAND.png,ok,1.19,1.07
TEX-GAIN-GRASS,gain_grass,texture,TEX-GAIN-GRASS.png,ok,1.70,0.94
TEX-GAIN-CHALKDIRT,gain_chalkdirt,texture,TEX-GAIN-CHALKDIRT.png,ok,1.32,1.18
TEX-GAIN-GYMMAT,gain_gymmat,texture,TEX-GAIN-GYMMAT.png,ok,1.73,0.93
TEX-GAIN-HAY,gain_hay,texture,TEX-GAIN-HAY.png,ok,1.48,1.07
TEX-GAIN-ISLANDROCK,gain_islandrock,texture,TEX-GAIN-ISLANDROCK.png,ok,1.53,1.12
TEX-DNA-CARPET,dna_carpet,texture,TEX-DNA-CARPET.png,ok,1.40,1.19
TEX-DNA-MARBLE,dna_marble,texture,TEX-DNA-MARBLE.png,ok,1.88,1.16
TEX-DNA-LINOLEUM,dna_linoleum,texture,TEX-DNA-LINOLEUM.png,ok,1.56,0.95
TEX-DNA-CHECKERTILE,dna_checkertile,texture,TEX-DNA-CHECKERTILE.png,ok,15.44,6.82
TEX-DNA-PANELING,dna_paneling,texture,TEX-DNA-PANELING.png,ok,9.54,1.01
TEX-DNA-WALLPAPER,dna_wallpaper,texture,TEX-DNA-WALLPAPER.png,ok,1.95,1.03
TEX-BUFF-MASHED,buff_mashed,texture,TEX-BUFF-MASHED.png,ok,2.60,0.86
TEX-BUFF-FROSTING,buff_frosting,texture,TEX-BUFF-FROSTING.png,ok,1.76,1.06
TEX-BUFF-BISCUIT,buff_biscuit,texture,TEX-BUFF-BISCUIT.png,ok,2.22,0.96
TEX-BUFF-CHEESE,buff_cheese,texture,TEX-BUFF-CHEESE.png,ok,1.88,1.08
TEX-BUFF-GRAVY,buff_gravy,texture,TEX-BUFF-GRAVY.png,ok,2.17,0.85
TEX-BUFF-CRUMBSOIL,buff_crumbsoil,texture,TEX-BUFF-CRUMBSOIL.png,ok,2.40,1.46
TEX-DUMP-MOSSYDIRT,dump_mossydirt,texture,TEX-DUMP-MOSSYDIRT.png,ok,1.64,1.03
TEX-DUMP-JUNKGRAVEL,dump_junkgravel,texture,TEX-DUMP-JUNKGRAVEL.png,ok,1.48,0.98
TEX-DUMP-COMPOST,dump_compost,texture,TEX-DUMP-COMPOST.png,ok,1.68,1.09
TEX-DUMP-FARMROWS,dump_farmrows,texture,TEX-DUMP-FARMROWS.png,ok,3.55,2.46
TEX-DUMP-RUSTMETAL,dump_rustmetal,texture,TEX-DUMP-RUSTMETAL.png,ok,1.58,0.99
TEX-CAP-ASH,cap_ash,texture,TEX-CAP-ASH.png,ok,1.50,0.96
TEX-CAP-DEADGRASS,cap_deadgrass,texture,TEX-CAP-DEADGRASS.png,ok,1.52,1.34
TEX-CAP-CRACKEDROAD,cap_crackedroad,texture,TEX-CAP-CRACKEDROAD.png,ok,1.42,1.02
TEX-CAP-PASTELPLAZA,cap_pastelplaza,texture,TEX-CAP-PASTELPLAZA.png,ok,13.51,0.55
TEX-CAP-PERFECTLAWN,cap_perfectlawn,texture,TEX-CAP-PERFECTLAWN.png,ok,1.75,1.46
TEX-CAP-WHITEWALL,cap_whitewall,texture,TEX-CAP-WHITEWALL.png,ok,2.90,0.98
TEX-CASTLE-MARBLE,castle_marble,texture,TEX-CASTLE-MARBLE.png,ok,1.74,0.96
TEX-CASTLE-PARQUET,castle_parquet,texture,TEX-CASTLE-PARQUET.png,ok,2.65,1.09
DEC-MOSS,moss,decal,DEC-MOSS.png,ok,,
DEC-CRACKS,cracks,decal,DEC-CRACKS.png,ok,,
DEC-PUDDLE,puddle,decal,DEC-PUDDLE.png,ok,,
DEC-LEAVES,leaves,decal,DEC-LEAVES.png,ok,,
DEC-FLOWERS,flowers,decal,DEC-FLOWERS.png,ok,,
DEC-MUD,mud,decal,DEC-MUD.png,ok,,
DEC-SCORCH,scorch,decal,DEC-SCORCH.png,ok,,
DEC-RUST,rust,decal,DEC-RUST.png,ok,,
DEC-CHALK,chalk,decal,DEC-CHALK.png,ok,,
DEC-PAPERS,papers,decal,DEC-PAPERS.png,ok,,
DEC-ECTOPLASM,ectoplasm,decal,DEC-ECTOPLASM.png,ok,,
DEC-CRUMBS,crumbs,decal,DEC-CRUMBS.png,ok,,
DEC-SAUCE,sauce,decal,DEC-SAUCE.png,ok,,
DEC-RIFT,rift,decal,DEC-RIFT.png,ok,,
