UI STYLE LOCK,"Paste before every Image Description: ""Stylized fantasy game UI element for a whimsical, expressive young-adult indie RPG card game with painterly card art. Painterly but CRISP: clean bold shapes, sharp readable edges, soft cel-shaded lighting from the upper left. Materials: warm parchment, polished dark wood, and brushed brass/gold trim, ornate but never cluttered. Viewed straight-on (orthographic, no perspective, no tilt). Fully transparent background (PNG with alpha) outside the element. Any area meant for text or content is left plain and empty. No text, no letters, no numbers, no icons unless described."" Then apply the Path accent if the row names a Path: Beefcake = sunny gold and warm red, iron and rope details; Necrocrat = cool grays and sickly green, filigree and seals; Gourmand = cream, copper and pastry tones, polished cookware details; Refusemancer = mossy greens and rust orange, vines and rivets; Colorless = neutral stone and parchment.",,,,,,
HOW IT WORKS,"Save each image as its ID (e.g. UI-FRAME-B.png) and move approved images to Card Game Art / Approved_UI. Panels and buttons are '9-slice' elements: decoration lives in the corners and edges, the center is plain, so the game can stretch them to any size without distorting the corners. Button hover/pressed states are generated in-game from the base image.",,,,,,
,,,,,,,
ID,Asset Name,Category,In-Game Use,Size / Format,Image Description (paste the UI Style Lock first),Notes,Art Status
UI-FRAME-B,Card frame: Beefcake,Card frames,Overlay frame for all Beefcake cards (full-art cards).,"1024x1536 PNG, transparent center","A full-art trading card frame overlay with a TRANSPARENT window over the whole card: an ornate name bar across the top 10% with a round cost socket in the top-left corner, a semi-transparent dark rules-text panel covering the bottom third with a slim ornate border, and a small attack/defense plaque socket in the bottom-right corner. Beefcake accent: gold and warm red, riveted iron corners, rope-wrapped edges, a small dumbbell emblem centered at the top of the text panel.",Must line up with the 2:3 card art safe zones.,Needed
UI-FRAME-N,Card frame: Necrocrat,Card frames,Overlay frame for all Necrocrat cards.,"1024x1536 PNG, transparent center","Same layout as UI-FRAME-B. Necrocrat accent: cool gray stone and tarnished silver, sickly green glowing inlays, wax-seal and filigree corners, a small skull-and-quill emblem centered at the top of the text panel.",Same layout across all frames.,Needed
UI-FRAME-G,Card frame: Gourmand,Card frames,Overlay frame for all Gourmand cards.,"1024x1536 PNG, transparent center","Same layout as UI-FRAME-B. Gourmand accent: polished copper and cream enamel, pastry-scalloped edges, little whisk and ladle corner ornaments, a small chef's-hat emblem centered at the top of the text panel.",,Needed
UI-FRAME-R,Card frame: Refusemancer,Card frames,Overlay frame for all Refusemancer cards.,"1024x1536 PNG, transparent center","Same layout as UI-FRAME-B. Refusemancer accent: rusted metal and mossy wood, vines curling around the corners with tiny wildflowers, bottle-cap rivets, a small recycling-leaf emblem centered at the top of the text panel.",,Needed
UI-FRAME-C,Card frame: Colorless,Card frames,Overlay frame for colorless cards.,"1024x1536 PNG, transparent center","Same layout as UI-FRAME-B. Colorless accent: pale carved stone and parchment, simple elegant brass trim, a small compass-rose emblem centered at the top of the text panel.",,Needed
UI-FRAME-MULTI,Card frame: Multi-path,Card frames,Overlay frame for dual/tri/four-path cards.,"1024x1536 PNG, transparent center","Same layout as UI-FRAME-B. A radiant gold frame whose border is split into four subtle color bands (gold-red, gray-green, copper-cream, moss-rust) that blend smoothly, with a small four-pointed star emblem at the top of the text panel.",The game can tint the bands to match the card's specific Paths.,Needed
UI-FRAME-INF,Card frame: Infrastructure,Card frames,Overlay frame for Infrastructure cards.,"1024x1536 PNG, transparent center","Same layout as UI-FRAME-B but with no attack/defense socket. Sturdy architectural frame of carved stone pillars and wooden beams, neutral tones, a small tower emblem at the top of the text panel.",The game tints it by Path.,Needed
UI-FRAME-TOKEN,Card frame: Token,Card frames,Overlay frame for tokens.,"1024x1536 PNG, transparent center","Same layout as UI-FRAME-B but simpler and slimmer, like a lighter paper-and-brass frame with a dashed inner border, to show it's a temporary token.",,Needed
UI-RARITY-C,Rarity gem: Common,Card frames,Small gem on the card frame showing rarity.,256x256 PNG,A small round polished stone gem in matte gray-white set in a simple brass bezel.,,Needed
UI-RARITY-U,Rarity gem: Uncommon,Card frames,Rarity gem.,256x256 PNG,"A small faceted silver-blue gem set in a silver bezel, soft shine.",,Needed
UI-RARITY-E,Rarity gem: Epic,Card frames,Rarity gem.,256x256 PNG,"A small faceted glowing violet gem set in an ornate gold bezel, inner sparkle.",,Needed
UI-RARITY-L,Rarity gem: Legendary,Card frames,Rarity gem.,256x256 PNG,"A small faceted radiant orange-gold gem with a starburst glint, set in an elaborate gold bezel with tiny wings.",,Needed
UI-STAT-PLAQUE,Attack/Defense plaque,Card frames,Holds the attack/defense numbers on unit cards.,512x256 PNG,"A small horizontal shield-shaped brass plaque split into two plain empty halves (left side with a subtle sword motif, right side with a subtle shield motif) for numbers.",Numbers drawn by the game.,Needed
UI-COST-SOCKET,Cost socket,Card frames,Holds the energy cost pips/number in the card's top-left.,256x256 PNG,"A round brass socket with a plain dark empty center, small decorative studs around the rim.",,Needed
UI-CARDBACK-B,Card back: Beefcake,Card backs,"Face-down cards (deck, traps, opponent's hand) for Beefcake-themed decks.",1024x1536 PNG,"An ornate full card back design (not transparent): symmetrical, with a central emblem of a dumbbell over a mill wheel, gold and warm red patterns, a decorative border.","Card backs are full images, not overlays.",Needed
UI-CARDBACK-N,Card back: Necrocrat,Card backs,"Face-down cards, Necrocrat theme.",1024x1536 PNG,"A symmetrical card back with a central skull-and-quill seal emblem, gray and sickly green filigree patterns, a decorative border.",,Needed
UI-CARDBACK-G,Card back: Gourmand,Card backs,"Face-down cards, Gourmand theme.",1024x1536 PNG,"A symmetrical card back with a central chef's hat over crossed ladle and whisk, copper and cream patterns, a decorative border.",,Needed
UI-CARDBACK-R,Card back: Refusemancer,Card backs,"Face-down cards, Refusemancer theme.",1024x1536 PNG,"A symmetrical card back with a central recycling-leaf emblem made of vines and gears, moss and rust patterns, a decorative border.",,Needed
UI-CARDBACK-C,Card back: Default,Card backs,"Default face-down card back (opponents, colorless).",1024x1536 PNG,"A symmetrical card back with a central four-pointed compass rose combining four small Path symbols, neutral stone, parchment and gold patterns, a decorative border.",Used when no Path theme applies.,Needed
UI-PANEL-MAIN,Main panel (9-slice),Panels,"Menus, deck builder sections, character screen, shop panels.",1024x1024 PNG,"A rectangular parchment panel with a polished dark wood border and brass corner caps; plain, evenly lit parchment center; all decoration confined to the corners and edges.",9-slice.,Needed
UI-PANEL-DIALOGUE,Dialogue box (9-slice),Panels,NPC dialogue text box (with portraits).,1536x512 PNG,"A wide, semi-dark navy-and-wood dialogue box with a thin gold inner border, slightly rounded corners, plain dark center for text, and a small empty tab on the top-left edge for the speaker's name plate.",Should match the current in-game dialogue box layout.,Needed
UI-NAMEPLATE,Speaker name plate,Panels,Speaker name on dialogue boxes and NPC labels.,768x192 PNG,A small horizontal brass-and-wood name plate with a plain empty center and little scrolled ends.,,Needed
UI-PANEL-TOOLTIP,Tooltip (9-slice),Panels,"Hover tooltips (keywords, items, zone effects).",512x512 PNG,"A small dark translucent panel with a thin gold border and tiny corner flourishes, plain center.",,Needed
UI-PANEL-POPUP,Reward / quest / level-up popup (9-slice),Panels,"Chest rewards, quest complete, level up, pack summary.",1024x1024 PNG,"A celebratory parchment panel with an ornate gold border, a ribbon banner across the top (empty, for a title), and subtle sparkles at the corners; plain center.",One family for all reward popups.,Needed
UI-PANEL-HUD,HUD chip (9-slice),Panels,"Small HUD boxes: gold, HP, zone effects, quest tracker, minimap frame.",512x256 PNG,"A compact dark wood chip with a thin brass border and rounded corners, plain center.",,Needed
UI-MINIMAP-FRAME,Minimap frame,Panels,Frame around the minimap (top right).,"768x768 PNG, transparent center","A round brass compass-style frame with a TRANSPARENT circular center, small N/E/S/W notches (no letters), and a little decorative cardinal star at the top.",,Needed
UI-BTN-PRIMARY,Primary button,Buttons,"Main action buttons (Play, Confirm, Buy).",768x256 PNG,"A rounded rectangular button of polished gold-brass with a warm glow, slight bevel, plain center for text.",Hover/pressed made in-game.,Needed
UI-BTN-SECONDARY,Secondary button,Buttons,"Secondary actions (Back, Cancel, Settings).",768x256 PNG,"A rounded rectangular button of dark polished wood with a thin brass edge, plain center for text.",,Needed
UI-BTN-ENDTURN,End Turn button,Buttons,The End Turn / next phase button in battles.,512x512 PNG,"A large round brass button like an ornate gong or hourglass seal, with a glowing amber center left plain for text.",,Needed
UI-BTN-CLOSE,Close button,Buttons,Closing windows and popups.,256x256 PNG,A small round brass button with a simple X shape engraved (the X is the only mark).,,Needed
UI-BAR-HP,HP bar frame,Bars,"HP bars (player, opponent, zone HP).","1024x192 PNG, transparent inner area","A horizontal ornate bar frame with a small heart-shaped cap on the left end, brass trim, and an empty transparent inner channel where the game draws the fill.",Fill color drawn by the game.,Needed
UI-BAR-XP,XP bar frame,Bars,Experience bar on the character screen and level-up popup.,"1024x192 PNG, transparent inner area","A horizontal ornate bar frame with a small star-shaped cap on the left end, gold trim, and an empty transparent inner channel.",,Needed
UI-HUD-RESOURCES,Resource tray,Battle HUD,Holds the four resource counters (right side of the battle screen).,512x1024 PNG,"A vertical wooden tray with four evenly spaced round empty sockets, brass trim, small hinges, plain sockets for icons and counts.",Icons come from the Icons tab.,Needed
UI-HUD-TOKENS,Token tray,Battle HUD,"Holds non-unit tokens (Contracts, Clauses).",512x512 PNG,A small square wooden tray with a parchment-lined empty interior and brass corners.,,Needed
UI-HUD-DECK,Deck pile base,Battle HUD,The deck pile spot on the battleboard.,512x512 PNG,"A small ornate brass card-holder base shaped to hold a stack of cards, empty.",,Needed
UI-HUD-REFUSE,Refuse Pile base,Battle HUD,The Refuse Pile spot (clickable).,512x512 PNG,"A small ornate tray shaped like a fancy discard bin with a subtle crumpled-paper motif on the rim, empty.",,Needed
UI-HUD-SLOT,Item / trap slot,Battle HUD,Item slots and set-trap slots.,256x256 PNG,"A square brass-rimmed slot with a dark velvet interior, empty.",,Needed
UI-HUD-PLAYERPLATE,Player HP plate,Battle HUD,"Holds each player's HP, name, and portrait in battle.",1024x384 PNG,"A horizontal ornate plate with a round empty portrait socket on the left and a plain area on the right for name and HP, brass and dark wood.",,Needed
UI-SLOT-EQUIP,Equipment slot,Character screen,The 5 equipment slots on the character screen.,256x256 PNG,"A square ornate slot with a brass frame, a dark empty center, and small rivets.",Locked state uses the padlock icon (Icons tab).,Needed
UI-BG-CHARACTER,Character screen background,Screen backgrounds,"Character screen (level, stats, equipment layout over a silhouette).",1536x1024 PNG (16:9 crop),"A cozy adventurer's study wall with a faint painted silhouette of a person (front view, arms slightly out) on parchment in the center-left for equipment slots to sit on, shelves and maps at the edges, the right side calmer for stats.",Not transparent.,Needed
UI-BG-DECKBUILDER,Deck builder background,Screen backgrounds,Deck builder and collection screens.,1536x1024 PNG (16:9 crop),"A large wooden workbench table seen from above, covered in neatly organized card trays, a lamp glow, and a few props at the edges; the center is calm and even for card grids.",,Needed
UI-BG-MENU,Menu background,Screen backgrounds,"Pause menu, settings, save/load.",1536x1024 PNG (16:9 crop),"A softly blurred, warm parchment-and-wood texture with subtle vignette and gentle four-colored light accents in the corners; very calm.",,Needed
UI-BG-QUESTLOG,Quest log background,Screen backgrounds,Quest log (J).,1536x1024 PNG (16:9 crop),"An open leather-bound adventurer's journal seen from above, two blank parchment pages, a ribbon bookmark and a quill at the edge.",,Needed
UI-BG-WORLDMAP,World map background,Screen backgrounds,Full-screen map (M) frame/background.,1536x1024 PNG (16:9 crop),"A large antique parchment map sheet with decorative borders, compass rose in a corner, and blank space in the center where the game draws the explored map.",,Needed
UI-BG-PACKOPEN,Pack opening background,Screen backgrounds,Pack opening screen.,1536x1024 PNG (16:9 crop),"A dramatic velvet tabletop under a spotlight with sparkles in the air, the center empty and calm for cards to be revealed.",,Needed
UI-PACK-B,Path Pack: Beefcake,Packs,"Beefcake Path Pack (vendor, rewards, opening).","1024x1536 PNG, transparent background","A sealed foil trading-card pack with crimped top and bottom edges, gold and red foil with a big flexing-arm emblem and dumbbell patterns, shiny highlights.",No text on the pack.,Needed
UI-PACK-N,Path Pack: Necrocrat,Packs,Necrocrat Path Pack.,"1024x1536 PNG, transparent background",A sealed foil card pack in gray and sickly green foil with a skull-and-quill seal emblem and filing-cabinet patterns.,,Needed
UI-PACK-G,Path Pack: Gourmand,Packs,Gourmand Path Pack.,"1024x1536 PNG, transparent background",A sealed foil card pack in copper and cream foil with a chef's hat emblem and pastry patterns.,,Needed
UI-PACK-R,Path Pack: Refusemancer,Packs,Refusemancer Path Pack.,"1024x1536 PNG, transparent background",A sealed foil card pack in moss green and rust foil with a recycling-leaf emblem and vine patterns.,,Needed
UI-PACK-GILDED,Gilded Pack (base),Packs,Gilded Packs (guaranteed Epic/Legendary); the game tints/overlays the Path emblem.,"1024x1536 PNG, transparent background","A sealed premium card pack in brilliant gold foil with ornate engraved borders, a glowing jewel at the center, and radiant sparkles.",Path variants via in-game tint + emblem.,Needed
UI-PACK-PRISMATIC,Prismatic Pack,Packs,Postgame Prismatic Packs (multi-path).,"1024x1536 PNG, transparent background","A sealed card pack in iridescent rainbow-holographic foil that shifts through four Path colors, a four-pointed star emblem, dazzling sparkles.",,Needed
UI-PACK-GENERAL-1,General Pack Tier 1,Packs,"General Pack, tier 1 (town card vendor).","1024x1536 PNG, transparent background",A sealed card pack in simple parchment-colored foil with a small compass-rose emblem.,,Needed
UI-PACK-GENERAL-2,General Pack Tier 2,Packs,"General Pack, tier 2 (expanded selection).","1024x1536 PNG, transparent background",A sealed card pack in silver foil with a larger ornate compass-rose emblem and a subtle shine.,,Needed
UI-CURSOR,Cursor: default,Cursors,Mouse cursor.,128x128 PNG,"A small ornate brass-and-wood pointer arrow with a gold tip, crisp outline.",Hotspot at the tip.,Needed
UI-CURSOR-TARGET,Cursor: targeting,Cursors,Cursor while choosing a target.,128x128 PNG,A small round brass targeting reticle with four little prongs and a glowing red-gold center.,,Needed