UI ID,file,bytes,md5
UI-BAR-HP,UI-BAR-HP.png,583258,bf732f111d6a1cceb3e39f8d26b1bd57
UI-BAR-XP,UI-BAR-XP.png,555060,edfc6cdc1126abd5e7645bece0bae9db
UI-BG-CHARACTER,UI-BG-CHARACTER.png,2590570,e9174b6497f6357112746bf1b478e015
UI-BG-DECKBUILDER,UI-BG-DECKBUILDER.png,2231173,f25b54b590035bb5d157da661355ca19
UI-BG-MENU,UI-BG-MENU.png,2322227,70ffe5f4a17969d774564ddfad9ecd53
UI-BG-PACKOPEN,UI-BG-PACKOPEN.png,2235520,b39142a841f55b989d37b3686baa67d8
UI-BG-QUESTLOG,UI-BG-QUESTLOG.png,2319156,6502655944df6f78b7ac2f798ec845de
UI-BG-WORLDMAP,UI-BG-WORLDMAP.png,2651344,8584a66a0f7a0aa8ef244c2944c7d464
UI-BTN-CLOSE,UI-BTN-CLOSE.png,895574,e991197df6f1b2e887a85479bdb9804f
UI-BTN-ENDTURN,UI-BTN-ENDTURN.png,1992306,637c14f1f803280040396c2225ca6866
UI-BTN-PRIMARY,UI-BTN-PRIMARY.png,1422127,0afb9d07f5810c84af87f775bc333e1d
UI-BTN-SECONDARY,UI-BTN-SECONDARY.png,1359654,2700c0ccfc2c212f0a59363743fff8c6
UI-CARDBACK-B,UI-CARDBACK-B.png,3011557,a95bdcdbbfaec52671b8da2e0803e1ab
UI-CARDBACK-C,UI-CARDBACK-C.png,2966968,2da82f0b86dfc1e985a42b58a5006c32
UI-CARDBACK-G,UI-CARDBACK-G.png,2873639,3f023af37e3cbc0f60cf709d7a58fc79
UI-CARDBACK-N,UI-CARDBACK-N.png,2929226,8e4b6ff70875a59ac045b5d189cf9d3d
UI-CARDBACK-R,UI-CARDBACK-R.png,2909283,2c42445597731c07013e2b83dd859246
UI-COST-SOCKET,UI-COST-SOCKET.png,1365658,b09f0259f9c56bb00eabca27585d0c99
UI-CURSOR,UI-CURSOR.png,736502,b27846eae4b7032b9cb85ecae2351f82
UI-CURSOR-TARGET,UI-CURSOR-TARGET.png,748624,423dbb29973ba3305d172536fa4273d4
UI-FRAME-B,UI-FRAME-B.png,1957159,06806080c5e1c40c167df84893500741
UI-FRAME-C,UI-FRAME-C.png,2049819,6ae6db392662a1cee93c6e219cc620e8
UI-FRAME-G,UI-FRAME-G.png,2003484,4baebfa2c5ca2f93a246a31d39ff3754
UI-FRAME-INF,UI-FRAME-INF.png,1965687,01ed271aa2b6c666c9792726e390b84c
UI-FRAME-MULTI,UI-FRAME-MULTI.png,1932491,73b28478816d9cb8acfe8c744d862146
UI-FRAME-N,UI-FRAME-N.png,1939587,161e585820eef475d811d538139518c1
UI-FRAME-R,UI-FRAME-R.png,2145369,c2f2f557d24d6561d1e08a367ec2a6c3
UI-FRAME-TOKEN,UI-FRAME-TOKEN.png,1928434,01e51ad8429ff7ae0df05fa4a84da692
UI-HUD-DECK,UI-HUD-DECK.png,1083497,1ab5fb45d82ab425dc3ade2cbe0d1246
UI-HUD-PLAYERPLATE,UI-HUD-PLAYERPLATE.png,1466508,43da252343a21af3691e42db2990c7dd
UI-HUD-REFUSE,UI-HUD-REFUSE.png,1306392,806f60df7fe1cef020ae3ba1b529afa8
UI-HUD-RESOURCES,UI-HUD-RESOURCES.png,1138433,0117f92d222c54f34a9750777266965f
UI-HUD-SLOT,UI-HUD-SLOT.png,2177354,94ae1188bf76f153c2b3488a1a424c96
UI-HUD-TOKENS,UI-HUD-TOKENS.png,1803667,f90391eef84908abeff7f1d944a40d5d
UI-MINIMAP-FRAME,UI-MINIMAP-FRAME.png,931934,5319e38fd666b1cb6846f9817b9891b1
UI-NAMEPLATE,UI-NAMEPLATE.png,1194459,929b37f3c0c9e081b51e14f718e17861
UI-PACK-B,UI-PACK-B.png,2678137,ba001318cded449dc2c456c71a43fbda
UI-PACK-G,UI-PACK-G.png,2590774,9f63f5a93d76c173317a80c9b63af9f0
UI-PACK-GENERAL-1,UI-PACK-GENERAL-1.png,2539375,4c72465337b8d63cd75f43a57e135fa0
UI-PACK-GENERAL-2,UI-PACK-GENERAL-2.png,2663537,91e2f60189132d8154e6d7b6fb1ab3f0
UI-PACK-GILDED,UI-PACK-GILDED.png,2598175,233c4ef52597b3b6c7ce68ab17abf1b1
UI-PACK-N,UI-PACK-N.png,2702473,7896094f566f087720e62423723aa46b
UI-PACK-PRISMATIC,UI-PACK-PRISMATIC.png,2768942,bb59cf8955110c3356eaf0effe19773b
UI-PACK-R,UI-PACK-R.png,2608275,fe3758a5e1d88402f49594eba4965cb0
UI-PANEL-DIALOGUE,UI-PANEL-DIALOGUE.png,1282068,9a1d03ca05bc29874f557e74284932f6
UI-PANEL-HUD,UI-PANEL-HUD.png,868875,0ce499e0523bf9cf88136466e85f400c
UI-PANEL-MAIN,UI-PANEL-MAIN.png,1850292,79eb021001250af2bf0a683791158abf
UI-PANEL-POPUP,UI-PANEL-POPUP.png,1908418,d6f496ecea10414ec8c2948e7c38e57f
UI-PANEL-TOOLTIP,UI-PANEL-TOOLTIP.png,423167,4de70bed07add2b1e91dc24976402c77
UI-RARITY-C,UI-RARITY-C.png,855529,985d56a8ee72cfe4bcb18a3db3c9e0e0
UI-RARITY-E,UI-RARITY-E.png,1271032,0181f9e4d8148b3ad240a89b52fc727b
UI-RARITY-L,UI-RARITY-L.png,1304424,9e8711dbfcaf7aab33efbf9671bc07bf
UI-RARITY-U,UI-RARITY-U.png,1011906,b80dfc0b7ab6324196dedb684c92e914
UI-SLOT-EQUIP,UI-SLOT-EQUIP.png,1470235,23cb5790d57dfd26c82be404e73a6646
UI-STAT-PLAQUE,UI-STAT-PLAQUE.png,1178990,d460e754b63119d7c86814200c2f97d9
